path	bytes	sha256
.gitattributes	508	4b9ee6384fff8a2b9b88c2c6ccc6449f54ccb307a38b08d5a6b078e2b8a5bcdc
.gitignore	353	ae267ab3e00f90809d7e255470960d29bb57e78e2f8c09450161f317a59cd02b
archives\paper58_ablation.zip	22699	81d61e9ecc42db59253332cdd79b126efad9958e45a4cad75c4eb1328293e8d9
archives\paper58_ablation.zip.sha256	88	16aaebe83582d4c4f50db66fd60294943b5fdb165d5cf924a818ff156fc6fbd0
archives\paper8_colab.zip	79432487	da9c0da383a8bde0fd71e9048a0f4006437f2222645c902726dac3f6314db571
docs\leworldmodel_analysis_for_adk.md	4334	fc38e265f39f102fe99d1dea097d5cb0435b286e4e91691de2f3da2b3c68cd7a
docs\paper_review_epi_world_model_vs_alphaearth.md	10321	53f215906e1385694c4bb9a2729a0db11327410188bb57af89e2feaa9a142bfe
docs\paper5_world_model_paper.tex	51505	d7d3a0fda1987b3f820e4d3a4ea69a000c8051a1f04b8d3d621bca79041cfaac
docs\tech_forum_post_world_model.docx	19377	eee9327b29dba188d1f5dee7dfeffa8d3f85ad7e2598e5ddcadc69dae59ba29e
docs\tech_forum_post_world_model.md	6384	4c25b23cf1a8674df7f21545ec1d02ade9b5a3ef04e46beef48f460b382a677b
docs\world_model_paper_cn.docx	30458	ccc68c51d0e14cdf466c4821551b59082683468d67c80b727225223e6063cde7
docs\world_model_paper_cn.md	30089	cb3deca224f6e143ac6cce84e9f7dfd09a425de50140fcf05b31d68409984e7a
docs\world_model_paper_en.docx	129814	ee1791b137ffbfcd3f5cfe4665bc54ae7b0e5c367727384c15eb06183cc6fc3c
docs\world_model_paper_response_r2.md	6669	a9e38bc9a274c0a20e982af9998e7f0f9ca9faf2bc28f9e2b189dc8dabb32012
experiments\paper8\ablation_experiments.py	6185	6d836e956484e251d66f8fcf2b0cdb7b49cad9b3fed379331c24527e4ebd5fa2
experiments\paper8\block_translator.py	4920	5f42a82bb0f6d2b54e086459655f2d368d59519f030e310f4c472ce68eed967a
experiments\paper8\build_intervention_data.py	8887	2df2ae723bf0a04871cb6edad8a23844050290e9ebcfc141d1c6e2a60ccd20f4
experiments\paper8\colab_extract_prithvi.py	4323	40195848c6828897fc6acdd8da38b1ad2971d138e13c68192d87dfa9dce113b3
experiments\paper8\colab_paper8.py	11207	473f9386b40b7c4f6dc6b2ad71eb935cb61ab3f6cc055c3f22e02b9296cdd7f5
experiments\paper8\compare_encoders.py	8736	f32ca25e64dcaa61c18be4772133a2b898e38c17cd5838a406809bb28d8d8ea3
experiments\paper8\data\bishan_context.npy	37648	9d8f3271f79d7b715643147fd423002973139ea1e166af2974d9cd61e624a2f2
experiments\paper8\data\bishan_emb_2017.npy	1200768	97ed59e2a9e27f9b9d9acee0f73e498b6befa63d2a3a4f1c429558cbf62782b3
experiments\paper8\data\bishan_emb_2018.npy	1200768	960e3f89d40b2158e73d4a3925d09f2f1c45caa6fb1955caa61853f75342fbb7
experiments\paper8\data\bishan_emb_2019.npy	1200768	5f5d701474a36d2cf1c0553e94796a76aa1a5a1dd4ca100e853c29e9481bd009
experiments\paper8\data\bishan_emb_2020.npy	1200768	909e8097abeb1588f6586b0f8f3fb9abe9a441977e39aa3425887d2fb605e74a
experiments\paper8\data\bishan_emb_2021.npy	1200768	8fd87d0427fdb4bdbfa1f5a1e4cc006ee21b04c185afdb2ca1e88e67fb88e64d
experiments\paper8\data\bishan_emb_2022.npy	1200768	57691bd379c2332f7e4b602a73955f61ba2c1f63bb15fffeec2e816511b2942d
experiments\paper8\data\bishan_emb_2023.npy	1200768	1715309725f7377877741109dcd1ba54de862b851e2bd39c1b2650d14075ca34
experiments\paper8\data\bishan_emb_2024.npy	1200768	dbc5a1d129c787db7279c3562a39e681d60362fe3af6b638049d0abf7227ed16
experiments\paper8\data\block_feature_encoder.pt	111613	f64edcbb62c8c77b54f41ca85fa82511bb6510384a664cbf45b2b4a22440e260
experiments\paper8\data\heping\heping_context.npy	1469696	52f842afa0c29718e32582bc5ff59872685ef838a6bfe6937833374ab845f1f0
experiments\paper8\data\heping\heping_context_50m.npy	58632	4c3897cbcbc371cdd94edb4febea9a1b1419b79e7e483acce0013963db4412e5
experiments\paper8\data\heping\heping_emb_2017.npy	47026304	abce70ea27a2c8a0e5d4cd34d25108f19842cc6eed5b01c32f0e667084430b43
experiments\paper8\data\heping\heping_emb_2017_50m.npy	1872256	e8c34d0cf1da4a01cee76d35be8cf57723a17f17a81fb1d108f2d2b08d6672e0
experiments\paper8\data\heping\heping_emb_2020.npy	47026304	08e49109f2bbb35d9972128469409628775a8673f6b9e6fbfeff67242d741d8f
experiments\paper8\data\heping\heping_emb_2020_50m.npy	1872256	34460f89252422fc48080945dc1174fae0a26fc5fabaa5b67d2e60a0de1ae2a2
experiments\paper8\data\heping\metadata.json	181	f3922284baf4b040019fa16924f8f36c0ab701cf4bf76af24473777e70be1a02
experiments\paper8\data\intervention_dynamics.pt	1268060	5716b11747a26926b65944e6220fe1bd126cd7bd8d96869b69e45763f72187a6
experiments\paper8\data\intervention_transitions.npz	3072373	4720a47ef8feffb29f84c50bdb4873c8527c08fc66628e8ab99b59ca1dd0c7e8
experiments\paper8\data\metadata.json	316	03450a84bfa22ddf1df9498ec11f9b1af5aca002320d4413497e0ca3b64341f9
experiments\paper8\data\prithvi\banzhucun_emb_2017.npy	3200	7a7a2bd62fc96c64ad5c333832454f37dacb28727edc246d4beaa2e4a2d3bb62
experiments\paper8\data\prithvi\banzhucun_emb_2018.npy	3200	88973b19dbf4b3c593aa73f382a46a733ca0a5d91d5c5336fee7e30125c70ac6
experiments\paper8\data\prithvi\banzhucun_emb_2019.npy	3200	10d45c37b48aef512b424daadb96f4cf272cf52b7d0323333a8f25117acbd9c4
experiments\paper8\data\prithvi\banzhucun_emb_2020.npy	3200	8346d60a9d0056486ae3c09b517c1ef9f3ca0fe7a0678fc2ad77a1073fc7486c
experiments\paper8\data\prithvi\banzhucun_emb_2021.npy	3200	68ac8b676f6391687c2c77d830f1b856557862f04ae494c92e23216e39456ab1
experiments\paper8\data\prithvi\banzhucun_emb_2022.npy	3200	b31673f331b6b8ec35b202933135fb2e1ee590300f17d8ba676a6d61f22da1db
experiments\paper8\data\prithvi\banzhucun_emb_2023.npy	3200	b56455580c699fcfa8bd5d9cce441f78823defa19873760137dfe62cc99a8ac9
experiments\paper8\data\prithvi\banzhucun_emb_2024.npy	3200	8f442e107f4bdbc3a26c00e08bfb1899bd2d8b743c9cc410c0593730800bb734
experiments\paper8\data\prithvi\bishan_emb_2017.npy	3200	c7e7937de9d1ca99d4df5a8877b64c2a135ff7d3540f867b9d14e97ab0f67061
experiments\paper8\data\prithvi\bishan_emb_2018.npy	3200	1cfebbda232066c3c0fd9e489be143be42ba9aa04014eb78b0f9216f4ef917c3
experiments\paper8\data\prithvi\bishan_emb_2019.npy	3200	4e217645b652c2b875d69e94ebc5f40ef4ef253a4949855230a1f79c03f13aa3
experiments\paper8\data\prithvi\bishan_emb_2020.npy	3200	90db6519d8c592372df6bd6b7489b7c04b92d7696dde43f99f5eabb87e2abfec
experiments\paper8\data\prithvi\bishan_emb_2021.npy	3200	cb4860430ca69b076964958fec864c33f7e8b63201076c50d50bca40102e9d6b
experiments\paper8\data\prithvi\bishan_emb_2022.npy	3200	ee2365eeebaa8231c57791da404a2396fb8578b61ad24c85b2509b57bc0a8c27
experiments\paper8\data\prithvi\bishan_emb_2023.npy	3200	f10724970c82359775053d4317be64989e2d90620d473ad32b9a7d5ccec60ff2
experiments\paper8\data\prithvi\bishan_emb_2024.npy	3200	a0593e8b94c351e4d8c55781648f937cca22479cafdf87c2cb57caa95f76c041
experiments\paper8\data\prithvi\chengdu_plain_emb_2017.npy	3200	d3217a71a20cf15248e5a51a0896ecbec08639349df6437e06d6c18419d0c1d5
experiments\paper8\data\prithvi\chengdu_plain_emb_2018.npy	3200	dcaa2cf96b4cbb89fe8901f8727509e522670628787602f5a0665933007d838c
experiments\paper8\data\prithvi\chengdu_plain_emb_2019.npy	3200	c38a01915d1a44c63877e6f93942c2ea64c5bc883dcecc50a055e026748ed2da
experiments\paper8\data\prithvi\chengdu_plain_emb_2020.npy	3200	5e24a2e13ac96e13983416072ea03ece6750e5f8b5d3b4942cd26dd966f5816d
experiments\paper8\data\prithvi\chengdu_plain_emb_2021.npy	3200	d836b99089c45fd552fb79723db89875aea7d0378bd2714b32a6c8ca6743c197
experiments\paper8\data\prithvi\chengdu_plain_emb_2022.npy	3200	294f64c2343bf3b450ce44f404910cf0cb5617584d7cb006a255bdc380dfa51b
experiments\paper8\data\prithvi\chengdu_plain_emb_2023.npy	3200	f16bd286337ba4ecf890c24903cc4975ae569452570fd51d00a801f8d29aa595
experiments\paper8\data\prithvi\chengdu_plain_emb_2024.npy	3200	3dcb7a5a4635638774719bd535b956c0be6f2f45442dced68c6af5275f5e36a2
experiments\paper8\data\prithvi\daxinganling_emb_2017.npy	3200	380520b9f1ed3f5e2d65e685174d857a962fd7ee52975448629bc04adbe54262
experiments\paper8\data\prithvi\daxinganling_emb_2018.npy	3200	4f25c5a058037fa5cae75ce02161aeb1e35c668d78ee8ecd68715742316316b0
experiments\paper8\data\prithvi\daxinganling_emb_2019.npy	3200	2f31d9cfc95d2c7e23f86363e92166a0ba60b1601330607ac950e688ec5b85d5
experiments\paper8\data\prithvi\daxinganling_emb_2020.npy	3200	21d4129accb51c43b4fe00140a81d5727fd9157d06418b1d1a9000d21d4cd42d
experiments\paper8\data\prithvi\daxinganling_emb_2021.npy	3200	b1dd5eea7584b0dbc3bf318790bb91375237a61d208c079401b3d566943e1740
experiments\paper8\data\prithvi\daxinganling_emb_2022.npy	3200	ee129e7149a1f0231605108b6da2a1ea845b317b7b81d9c4b7978216275a45d8
experiments\paper8\data\prithvi\daxinganling_emb_2023.npy	3200	1cd04a966f8ce0c2aa50e9d02c79f01c79d0c34b162961897243abec68fbdc00
experiments\paper8\data\prithvi\daxinganling_emb_2024.npy	3200	9ddc96dbe43bcd7087dfac7ec4cdedb4bd0c9f3f28e94b271245595b3d0dcec0
experiments\paper8\data\prithvi\guanzhong_emb_2017.npy	3200	af043ab7146be4bb6ebb5eb81cfc5f388af5c7fab049a0e508f51ace4d1a26cd
experiments\paper8\data\prithvi\guanzhong_emb_2018.npy	3200	5237cd60de03a123f6602a9434f4c916ca9fabf54d3c13d8f380011c0a8fe7b6
experiments\paper8\data\prithvi\guanzhong_emb_2019.npy	3200	c4d0a3c45bdfbb81b9a358d156f99f75f73f43c500105cf1509d6ff671c5888b
experiments\paper8\data\prithvi\guanzhong_emb_2020.npy	3200	661da999f0eeba1c66cd2aad173251d598f10446abeecb9c3a9232b76395563e
experiments\paper8\data\prithvi\guanzhong_emb_2021.npy	3200	a3988a18a0ea092a3fdadae78926a5deb92e44d361799248de6d50a6b9937842
experiments\paper8\data\prithvi\guanzhong_emb_2022.npy	3200	63a43f49d4846f3107579b04c034cdea8d713a5a2bb1769c3c7260bffad9aec2
experiments\paper8\data\prithvi\guanzhong_emb_2023.npy	3200	e7e332b62f1304143938bbd1af785e90515ee6f4f883cc18da044aa6a719fe26
experiments\paper8\data\prithvi\guanzhong_emb_2024.npy	3200	f56e720af6910c439d679b5bed60f05bdc6250eab19e488ad8c6a23127e16bb4
experiments\paper8\data\prithvi\hetao_emb_2017.npy	3200	9c2dee9ad96c97cfbce8acc31049d34cdc7ad7650aad24b54ec5c0da4ea5fef4
experiments\paper8\data\prithvi\hetao_emb_2018.npy	3200	924a9f9fa6868b6cadfc0402bc4e08cb84b3fb01e99bcb3dc4c14e4892371517
experiments\paper8\data\prithvi\hetao_emb_2019.npy	3200	3ccab3f3bd45b1e344a910c4748affae948f760e5dae656de5b5007d9ba334e1
experiments\paper8\data\prithvi\hetao_emb_2020.npy	3200	fd19e7a87b923f0551db086fd7b0131f17d7a75d3f502166a0fa2246d3013d7f
experiments\paper8\data\prithvi\hetao_emb_2021.npy	3200	e15bc10ed5fcf5f3eaced78eee8e86c0a4770a4dc80b0a136ca5f8d0fbead5df
experiments\paper8\data\prithvi\hetao_emb_2022.npy	3200	6065db214a503d4652b191461f1adba3f432139216fa95d8b98799fc3283b01c
experiments\paper8\data\prithvi\hetao_emb_2023.npy	3200	480925d7ab5a6a94bb143c476cfd5494d0b6705bc1c5e3a975669995d143e4df
experiments\paper8\data\prithvi\hetao_emb_2024.npy	3200	721bf2626004daa96787a29c70bf66b54b4e1b192039991cab7368f682a59f0e
experiments\paper8\data\prithvi\jianghan_plain_emb_2017.npy	3200	2d3a63e9a7c72312f07b541942c752d5f5fad1b0ce60de97d86736c95ab2d38d
experiments\paper8\data\prithvi\jianghan_plain_emb_2018.npy	3200	151dd82f559f577a4f108a114f9b62b1ec2b2934a282f8e2821b82a24071bdb1
experiments\paper8\data\prithvi\jianghan_plain_emb_2019.npy	3200	31c78440988bcbc31f2c264f184916872c1fcc2ef22d71a064aecc77179bc7c2
experiments\paper8\data\prithvi\jianghan_plain_emb_2020.npy	3200	1295fa0f0295a6a43202692d8faa6335cb989d370be419642083e2d5c41910ad
experiments\paper8\data\prithvi\jianghan_plain_emb_2021.npy	3200	96c84bb57bf40de48ae3e5a9b2d69163800efd6f42d91340e0d87e146f07f73e
experiments\paper8\data\prithvi\jianghan_plain_emb_2022.npy	3200	2fd5fcf037a8c6df4b0000d3a17d601c9c4e6df6fa5cb2bb024f21d2895a93ab
experiments\paper8\data\prithvi\jianghan_plain_emb_2023.npy	3200	c77dabec753454f658f3025cb5c345655d2a25ad54c912a067a18984559e11a3
experiments\paper8\data\prithvi\jianghan_plain_emb_2024.npy	3200	cba92a423a51e105a1d12324accb8e79131081b360e04442a51313282f2630dc
experiments\paper8\data\prithvi\jing_jin_ji_emb_2017.npy	3200	fc6cdafeecef1185ae165e4f8dd40f9bb4b7bd523c608856fe7183fef94b15fb
experiments\paper8\data\prithvi\jing_jin_ji_emb_2018.npy	3200	621250cdf49ec6dffe4779458f78f13b2fdd98f33d4a02bc21f78b8538282cde
experiments\paper8\data\prithvi\jing_jin_ji_emb_2019.npy	3200	51cc0c684d1a82e2575ccec7e1ea3c5f88c3b2890bd004586158ab68647a4a28
experiments\paper8\data\prithvi\jing_jin_ji_emb_2020.npy	3200	43b2bae906c4f94671a5ae9cd6bb80fa571f885ca8381cd13ef505e27fcfb146
experiments\paper8\data\prithvi\jing_jin_ji_emb_2021.npy	3200	a291241dd1a27791f402327dd0378df84f026557605d6e30b345af4f06864081
experiments\paper8\data\prithvi\jing_jin_ji_emb_2022.npy	3200	03ec060809afd5f1b2cc154455f8a2fdf367385f64c77f588cc0fb2d34369725
experiments\paper8\data\prithvi\jing_jin_ji_emb_2023.npy	3200	f00f2ce3e384a307c472edf080871d2a6e46a68afe7c157b180f9d65a01192a2
experiments\paper8\data\prithvi\jing_jin_ji_emb_2024.npy	3200	cc4def8897ff6de42fb44310224dc2a278903d2899eddeb994beeb32a2221cc4
experiments\paper8\data\prithvi\minnan_coast_emb_2017.npy	3200	4fa760831703c5cd0a50fd8dd172275f9e1f7d0b7c9305b90c31252233943787
experiments\paper8\data\prithvi\minnan_coast_emb_2018.npy	3200	9af0fd46e3271d761eadda8b4618d9366608e2b10f630e912f5ba434faa65240
experiments\paper8\data\prithvi\minnan_coast_emb_2019.npy	3200	8f913989bafc2f21de4995f851a30797adf02d0147efb928d0e2bc4182c4d542
experiments\paper8\data\prithvi\minnan_coast_emb_2020.npy	3200	684763a03db4b6c9785d72fcc9bfd210f3e2aea8b1fc28ae91fb4e1737de836d
experiments\paper8\data\prithvi\minnan_coast_emb_2021.npy	3200	874a1b52bbda123e5b335114b3fea61cdb3cc0dfa3d0ca6b81fa7fb1e9e5f6cb
experiments\paper8\data\prithvi\minnan_coast_emb_2022.npy	3200	b60643c71041ac90fd8453cd30565034a52fb0e8a77f5a9b0e23ee12018ba880
experiments\paper8\data\prithvi\minnan_coast_emb_2023.npy	3200	7a7b6f419ccfe4e6dd8d54c5b99aa2c9514f3be172bf5576b24e3aa234aa776c
experiments\paper8\data\prithvi\minnan_coast_emb_2024.npy	3200	f69f4acd1406da9582311d1ed9e94f008eb81eb2354f15edbc0cab411d0d1abc
experiments\paper8\data\prithvi\north_china_plain_emb_2017.npy	3200	a81cedc13827cce82eced855f278e9f8250abeb4b4e27566ec4876fa852a95c1
experiments\paper8\data\prithvi\north_china_plain_emb_2018.npy	3200	e01d2124e008d92c89876bb88d8e7557ca573ac28f1abfcd8a6de8ff63d9e53e
experiments\paper8\data\prithvi\north_china_plain_emb_2019.npy	3200	4ae3985b60c8dba1b006cb9832b32354864dfbf51b04df511ed60e80779ea7ab
experiments\paper8\data\prithvi\north_china_plain_emb_2020.npy	3200	7db63d50826912c9d581c1fe32f72555dd7bb62af2d6cd151076c00c6a7a9c2f
experiments\paper8\data\prithvi\north_china_plain_emb_2021.npy	3200	c04bb5f1ef5c6055e10f7b304cb7ad858f8b9ae20cec75b53cbe0327aa8924a3
experiments\paper8\data\prithvi\north_china_plain_emb_2022.npy	3200	d32de92dd5699b786bc7e115996216d894a6688323be27159859f637a0c92e9b
experiments\paper8\data\prithvi\north_china_plain_emb_2023.npy	3200	e81d991da5b1aa293f0d1a7fdf0001e20ead75194f588d10fc7b38c3fbb07b16
experiments\paper8\data\prithvi\north_china_plain_emb_2024.npy	3200	1ee417ac46a6439353c293e60af3849fe87fc97503fb6f5d4caf4375e3398b7d
experiments\paper8\data\prithvi\northeast_plain_emb_2017.npy	3200	5cbdea76c26ec9a1361a4423db28f4eb78f5652979264f38a98a28d8b01b37c8
experiments\paper8\data\prithvi\northeast_plain_emb_2018.npy	3200	a1c2ec54898192812a71a3354d4231056d84383370072b23275610c7e931dae0
experiments\paper8\data\prithvi\northeast_plain_emb_2019.npy	3200	a2b5b601793b4b5e128b76a4c09e87867286680d747d1c350863fc0ebf6ca451
experiments\paper8\data\prithvi\northeast_plain_emb_2020.npy	3200	ec916f9b1d28e8fbc092f23ab682ead953fd2be67acfa30909e7b09e2838e638
experiments\paper8\data\prithvi\northeast_plain_emb_2021.npy	3200	1a2123a24b7096a957f4c639a4778c99285e7be51823a95ae8ebdb9faa456dd2
experiments\paper8\data\prithvi\northeast_plain_emb_2022.npy	3200	cfa19dc8d3c2bd4b5e3a0cdcc9bb1772415a243fe2a16eb20f247ecd23a65bf1
experiments\paper8\data\prithvi\northeast_plain_emb_2023.npy	3200	dca216f66911d227efb08f1f6f5737054e4b5b7eb76a7d79590e907fc7f1de12
experiments\paper8\data\prithvi\northeast_plain_emb_2024.npy	3200	f9b9eea0527b044eaba4259762d48217a62d9dd37209760ccc8d0dbb7419cffa
experiments\paper8\data\prithvi\pearl_river_emb_2017.npy	3200	b7f748e7966fb938bfe206b3a9cbb149eabc7be5809c0b2a92fc112626220ad4
experiments\paper8\data\prithvi\pearl_river_emb_2018.npy	3200	cf24b0d3a73db7631eb2d59c0b0ade26e794599fce25d9cfa13991281506b07c
experiments\paper8\data\prithvi\pearl_river_emb_2019.npy	3200	f480173dbffe2bcb77142b820b4ae6816d16b03b3f4cc6347f1f20949ed7ff9d
experiments\paper8\data\prithvi\pearl_river_emb_2020.npy	3200	660ee498647e5cd2ed4da78a70cb6d3d750b009b471602ef10d8706e4ff09119
experiments\paper8\data\prithvi\pearl_river_emb_2021.npy	3200	a455a30a41caf1e362f9c1f16907c5b46089ed5512c3a4fef9fe1f382bd19fd8
experiments\paper8\data\prithvi\pearl_river_emb_2022.npy	3200	584dbf4ed542c66d8a58b34c23d414c7007c8859eab1b18c941f1ad547e65a94
experiments\paper8\data\prithvi\pearl_river_emb_2023.npy	3200	3246c919aee6ecc11111adcac38e8e14428d375e204d9cf98df9c2dc03e1291f
experiments\paper8\data\prithvi\pearl_river_emb_2024.npy	3200	8f188dddb3e296603520bb641414284a6a196c6221f735be9e4dbfe4d2808cc6
experiments\paper8\data\prithvi\poyang_lake_emb_2017.npy	3200	f394eaf4871da2e1cd3fc1220cd084a333d4b75f5d5598e6bf857c37998d22f1
experiments\paper8\data\prithvi\poyang_lake_emb_2018.npy	3200	170a7b4f6128e3f6a94baa09e0c7b7d89b7ebc5a3b995dc2d3d2d392079d995d
experiments\paper8\data\prithvi\poyang_lake_emb_2019.npy	3200	35f150c672dd7070822e0091edf214c2f5081e3b3af8455bc92d5c90883e74dd
experiments\paper8\data\prithvi\poyang_lake_emb_2020.npy	3200	db23bfa469e894c430b5f6cce43a1b0ab3fb64bb1d883daf99fe91f7f284341b
experiments\paper8\data\prithvi\poyang_lake_emb_2021.npy	3200	4eb0197b0da1fcaa37e9bf859d8d041dff9786ff32eb18a10881d21158352970
experiments\paper8\data\prithvi\poyang_lake_emb_2022.npy	3200	1edce8a0b624bed2c38159a044a56ae0c4f4ebcac4f207e416ad0b9d11b414be
experiments\paper8\data\prithvi\poyang_lake_emb_2023.npy	3200	804561e640fb490bf88d30f9da41fe65f96739f78ee9a93e20b3cf21c751c416
experiments\paper8\data\prithvi\poyang_lake_emb_2024.npy	3200	c96952a5a9604d5fd2230ef5d4d1b7fb54c09745de62d28178813a48e9dac306
experiments\paper8\data\prithvi\qinghai_edge_emb_2017.npy	3200	859d0fb0803b45db326cff52d99d920109885b6494836f6ba2783fddbea3dfbc
experiments\paper8\data\prithvi\qinghai_edge_emb_2018.npy	3200	738d2cb0c4b9cdb3d39486383d0ad29c98ada9041aad5efec4b3fa4bf0c23d68
experiments\paper8\data\prithvi\qinghai_edge_emb_2019.npy	3200	98ba89d4acf626561576433573603d82cd0acdbc843a9a274502929eb599240a
experiments\paper8\data\prithvi\qinghai_edge_emb_2020.npy	3200	eddcbcf042f0106fe3045a0e3473e35937e352ac112abb1ec972f0227bdbcb74
experiments\paper8\data\prithvi\qinghai_edge_emb_2021.npy	3200	c3df0a9f2bb2670f7231ca3493fb2957c31ae4ba818732f2f8713484f6738f55
experiments\paper8\data\prithvi\qinghai_edge_emb_2022.npy	3200	e90f22c19b9df596489fbc6abb403b9b00a79fa89c6641eab77eefe58d79b21e
experiments\paper8\data\prithvi\qinghai_edge_emb_2023.npy	3200	482360a2dde86f8ef45817b183cb24bb13baeddc401a6217850ff09edcdb73fc
experiments\paper8\data\prithvi\qinghai_edge_emb_2024.npy	3200	86dc4a10a2ede40a24a57c9fa36a1de2c73bad408ac92de2f266b0bf3e2f4c9f
experiments\paper8\data\prithvi\wuyi_mountain_emb_2017.npy	3200	c0cb809da18478dd92888e2ab17b30b3e30950aa7217834e136c23fd6096e564
experiments\paper8\data\prithvi\wuyi_mountain_emb_2018.npy	3200	14b401a9383a1955b9128847ad318fa7d67aa1099f47faf7b91e3a6ab69c0dd0
experiments\paper8\data\prithvi\wuyi_mountain_emb_2019.npy	3200	a1ddf3d2adbde7313df3a757b0a4f55085517e3330f5e1dcc24d6d1c13cb5bc1
experiments\paper8\data\prithvi\wuyi_mountain_emb_2020.npy	3200	07170831743e0661d45c59d9bed1a25ea2ac52a83714c8a7283d2a530af95e0f
experiments\paper8\data\prithvi\wuyi_mountain_emb_2021.npy	3200	38e349ccbaaf656c228dab7421efb716dc44a22308d93d4ce4057e4839ac8ad6
experiments\paper8\data\prithvi\wuyi_mountain_emb_2022.npy	3200	12aa20cd64cdcd2757f2917a7e70cffcb326938bb92c3f80673570e6ccf1cba3
experiments\paper8\data\prithvi\wuyi_mountain_emb_2023.npy	3200	7411cba1778f415ff54b05d18e9b88923b338f4acb3eb5ffa940a3932fd29a68
experiments\paper8\data\prithvi\wuyi_mountain_emb_2024.npy	3200	50426cad3f75736c77442043117c8a29d742eed179374f41653594311c60a068
experiments\paper8\data\prithvi\yangtze_delta_emb_2017.npy	3200	0e001660250c523d537e6dd7f6117663fcc8333a5093548773da6bb3a96411c1
experiments\paper8\data\prithvi\yangtze_delta_emb_2018.npy	3200	e2eab74c1ccf2e293a26f4754f690bca1f55eb3ec199acc8160ec06f14e88c27
experiments\paper8\data\prithvi\yangtze_delta_emb_2019.npy	3200	b7c1b4a7dc3edc73be59fee3605c51d14e90ac47bd81b3dc96ffd8acf0ca3711
experiments\paper8\data\prithvi\yangtze_delta_emb_2020.npy	3200	b9043dc2a544a219b8d3d94773fbdab4737aa012c8635f69180d071dc802a8f9
experiments\paper8\data\prithvi\yangtze_delta_emb_2021.npy	3200	a06af1953fe41243a5bc24ba5779ca5785aa8e91cfacc8af30049e598e70a15f
experiments\paper8\data\prithvi\yangtze_delta_emb_2022.npy	3200	90ae492f03bfd980092a781e3be736f3539747767b34e5968a600e8467967f92
experiments\paper8\data\prithvi\yangtze_delta_emb_2023.npy	3200	1dec18baf8c5b077bd711a7a3576a44afbe0884de6b37ffa78a5423c23ad710e
experiments\paper8\data\prithvi\yangtze_delta_emb_2024.npy	3200	c28ed6716d805e0a5c841ca4b88db306f9ea6bc47c18e8b1a197840113df2d53
experiments\paper8\data\prithvi\yunnan_eco_emb_2017.npy	3200	c365fb2ef3a97ecef7aa5aa46830f1b429d691e586048754bab8489af19df79e
experiments\paper8\data\prithvi\yunnan_eco_emb_2018.npy	3200	a036b98634f6e27249d50cccbbd821fcc7528f5e2bb9304f057c8307a62082e4
experiments\paper8\data\prithvi\yunnan_eco_emb_2019.npy	3200	065deaa5680ddd4089f95c5d24673c14970860524c8c4005bd29858837423517
experiments\paper8\data\prithvi\yunnan_eco_emb_2020.npy	3200	5abf5946f22493a1ad3af112f45ff5e2c8b903f85df38893e938c32bb0ae4ab8
experiments\paper8\data\prithvi\yunnan_eco_emb_2021.npy	3200	d437ac5a6bc68e72510d9abb21d085af49bc7fa4163b2ffd84eb2bcf3ce7f400
experiments\paper8\data\prithvi\yunnan_eco_emb_2022.npy	3200	9cf41c227c7a252e06d868154ba37c73badc719e2f24ddae1a059645c448159b
experiments\paper8\data\prithvi\yunnan_eco_emb_2023.npy	3200	e3bbd6119ab5d0fd0fd8d2bfbcfa892793ed8005eb86f743844d54751fba9c7b
experiments\paper8\data\prithvi\yunnan_eco_emb_2024.npy	3200	98153e422b26ff52ada680f0d3a1b07f35a193c6300b708dab6a848baa922e4e
experiments\paper8\data\village\metadata.json	350	52640a575e98198bc73d720ab088d7c939fae94358c66f75c5fe398b7dbb9371
experiments\paper8\data\village\village_context.npy	1771568	6e1cc2b653f60743e50264cddbdc7d55586f988ab247f17aec6e2dfe0960a4bf
experiments\paper8\data\village\village_context_50m.npy	70400	d1b5527a3b910caa99732eacc57041d4d87bc56fd65fa4afbe9f26e8cbfeda39
experiments\paper8\data\village\village_emb_2017.npy	56686208	757d669fe7a6a8d0e5149a3c59acec73156c58a3cba6e11f4e969c4f44a1a2ad
experiments\paper8\data\village\village_emb_2017_50m.npy	2248832	75d8d0f2fb8bb161ffe2518ffbfe15a516b279ce2e35f4f3cc7a919f50318eda
experiments\paper8\data\village\village_emb_2020.npy	56686208	5fb7978ddfc6c0b236a85b67cad0708752c2516b01226400813c1b9cc8041c54
experiments\paper8\data\village\village_emb_2020_50m.npy	2248832	47b32e96c51da7dde87786a0b613dc74e117cdfc82fe5f3e41461a581291df23
experiments\paper8\data\village\village_emb_2023.npy	56686208	23a527503947bed6735b82bbf99d5bb1194416fdc390fdaffc4681f619c4f5fa
experiments\paper8\data\village\village_emb_2023_50m.npy	2248832	99aa6ee67fb3280f3a8a7521e2e4f67fe7688f178fef01d55409be3686da04be
experiments\paper8\dual_rep_env.py	7384	aa2dcf3653f7005fc40761800b392bf549ac6a0eb7e2e02758d216cdcd5168d5
experiments\paper8\embedding_space_env.py	13115	ffaf3c6082cc61b77891052066a2c370f16b55dd70b5b3712c8674c5a05a03f2
experiments\paper8\eval_prithvi_vs_alphaearth.py	9086	1f343ee362fd933174e21e5d2de8cdd11d78dfd10fe7f05e6a9a71051c0abf63
experiments\paper8\extract_bishan_embeddings.py	7092	98d72568bf06eb6de0585148f20ef6665df66343775524530de7dde3adfdbdfc
experiments\paper8\extract_prithvi_embeddings.py	14224	46635b46391aa70c851badd02c9a1bc1b3c54293a8aa9e7c3f8e8ddd261c536f
experiments\paper8\extract_village_embeddings.py	7328	a6dc6123d4460108f2f3fb0b8a0465a28eb20006c1fa9e1fa9b43bfe497cbb44
experiments\paper8\intervention_dynamics.py	8784	af0a4a2e38c521cc6980f9aa3e92205355b35efa37528b78adf3b50cfb2f529a
experiments\paper8\intervention_env.py	6860	882657b8d764c15c1a70a7acc35e04462ad84af8d4c24d7e6feb5f023c9a84e2
experiments\paper8\paper58_runtime.py	2888	0dab2b4ceaa5333ace70f7e93c4ce6df7dbb1a595d62a476a042ac71246c393f
experiments\paper8\README_PRITHVI_ABLATION.md	2492	e7cac19ffca72d01d03b18ae8a89fa32294f192b761fca4a4e79bb49db9132c0
experiments\paper8\results\county\greedy_eval_seed0.json	159	14e20c0668015d2891aa0160f1c58bb483f0d76c76a9aeaf0c70168b9f13d922
experiments\paper8\results\county\greedy_eval_seed1.json	159	74e710d452900b6d35f8307a5dd7206bb7491c725526ea70f1920f684828cfcd
experiments\paper8\results\county\greedy_eval_seed10.json	160	c7c8f50803a1477b64770885e8f9448b904f815b984dca4ea6fbf19bfdcb4379
experiments\paper8\results\county\greedy_eval_seed11.json	160	84436785e739372a70af798677640b2f8452586627a775b02fa8795e819b5798
experiments\paper8\results\county\greedy_eval_seed12.json	160	3df85a4c15262a7e14af23343ff0eeadf4ab3a70b881552ff1db132909e16959
experiments\paper8\results\county\greedy_eval_seed13.json	160	32a6a6b95456d178c9ee68382596b906b135401a3ce900f6c7fd95f9ae486919
experiments\paper8\results\county\greedy_eval_seed14.json	160	199671dda2c25680ba2c738fd7ccb2fcce7761f72acaa70957c75eb3f06b7499
experiments\paper8\results\county\greedy_eval_seed2.json	159	df007d9f22d19bd6f16495d74237f4c8d5f87eae431a2e2506ac7aa912487b8a
experiments\paper8\results\county\greedy_eval_seed3.json	159	e4bbfcc08487148676df0e2328c5b85dc82c8ed5f893bfa23c2dd87e44ae8761
experiments\paper8\results\county\greedy_eval_seed4.json	159	4997227c4696eb37a62892702d102ea030213d0c449f5a0b93e21c951c96ac6e
experiments\paper8\results\county\greedy_eval_seed5.json	159	3cf54ac1eb41ea09e8440fa8c915558e6dbc07cc19d788de7864f7b632bcd389
experiments\paper8\results\county\greedy_eval_seed6.json	159	5a0d549567b0f71306412e71bac6d6ec2cc32601439958e746f8168d3e7cf8b5
experiments\paper8\results\county\greedy_eval_seed7.json	159	cd56c14ce4bb6b0e46e6d3865a6eb6bd8c15bca676aa7a88f643c83b81bfc417
experiments\paper8\results\county\greedy_eval_seed8.json	159	23555b0e5b2be7dc209e83d5b125915d3d15c8f3324bf4954d759e9f472f4818
experiments\paper8\results\county\greedy_eval_seed9.json	159	9782dce5628b3ffaf7fea0128725de1822700d404f2c3a0762216cb827b04c14
experiments\paper8\results\county\ppo_eval_seed0.json	219	6d6f993d65cdcee5b5eec610fcaa4164b42b0a6edd0a512a76b3691b45cadaac
experiments\paper8\results\county\ppo_eval_seed1.json	227	31d2e44f9be3c949939249f991da51a40113ce4933b3aff9776b3a7e7b9e47b1
experiments\paper8\results\county\ppo_eval_seed10.json	229	4f3f4f1b007d4e8aa9ea9aae4cee252da0d6fc75596bc127cccd6305d136ab93
experiments\paper8\results\county\ppo_eval_seed11.json	229	824426401271c385d7440c260cbada640792859d2d5ecb6000befe40ae06bf88
experiments\paper8\results\county\ppo_eval_seed12.json	228	2aeedb70625f499774e9db6b760407d1e0216c2c8dc880e75d4d7415d1fd2e97
experiments\paper8\results\county\ppo_eval_seed13.json	229	1e67f5ab88002e8bacf6bbd1bcaffe5f73371cedf9e2e0743bc14b2b2280ec33
experiments\paper8\results\county\ppo_eval_seed14.json	230	99a711206a25853af0480f2ff216bf023b0d379b62f9280daaa3187dd032f65a
experiments\paper8\results\county\ppo_eval_seed2.json	228	73de715663ba9f522016cb4ee37957335489a3e9ac7c3fe4166b709d3de00870
experiments\paper8\results\county\ppo_eval_seed3.json	228	86f923492d62e26115e3af716ed4633d91ca7246534e9ff4b3a9a54cd84d9e97
experiments\paper8\results\county\ppo_eval_seed4.json	229	7bd734761043f096052a61bde9ef0889c4d5dc71652027bcce17f2a5a4179088
experiments\paper8\results\county\ppo_eval_seed5.json	229	4e746cb9f38b3c6efc778ca5f78b2c5d6bca818bfeaf762970b88b188280c098
experiments\paper8\results\county\ppo_eval_seed6.json	229	56bf0c33cda33b5c3882ed510ddfd95f9cf2131e410207315f43ef8355674557
experiments\paper8\results\county\ppo_eval_seed7.json	228	ca07877a504a992fd92ccbfe0f160a7ed84a18fc09542d306e320a0318015099
experiments\paper8\results\county\ppo_eval_seed8.json	229	8034d5e88003f1d8bd672691716b2d8f9481718015a91e0b3d90fe5491c85565
experiments\paper8\results\county\ppo_eval_seed9.json	229	91b578c71832f640311887345330572aa9c1e16f201055b824249b5ef33e529c
experiments\paper8\results\county\ppo_model_seed0.zip	5157383	2942d6b62d234ba4389c930362f61214906f6e0ac2ae6007f9729fd69b113c14
experiments\paper8\results\county\ppo_model_seed1.zip	5157917	cfcb1f6440951cd5eb84456673e69da47cabb6f8d66a0853f4b86bfb8cdb781d
experiments\paper8\results\county\ppo_model_seed10.zip	5157918	402b77a1c369c8a0a4847358214823ecc9fdd18278d2077b68ec1505e180311c
experiments\paper8\results\county\ppo_model_seed11.zip	5157918	5f50e280537c0a1772349706aa119817f44da96e27741a065b22048fe15db5fa
experiments\paper8\results\county\ppo_model_seed12.zip	5157918	44a319c47a0930dd9ba8fd002a7a2108261f15800e8410fbe81c516dae55012c
experiments\paper8\results\county\ppo_model_seed13.zip	5157918	d5b4bbe0bb2aa649acf27011ff422d03b263c9bd33a15e3f4b146a934dc5b535
experiments\paper8\results\county\ppo_model_seed14.zip	5157918	4ac5154d9526f5f1649833ece97367e6f90b4c16ecd52977696086629f8a3d4d
experiments\paper8\results\county\ppo_model_seed2.zip	5157917	3a0bd9771676febd22a778207d24dd35beae99b08a035e0917d8180e2aa94dc9
experiments\paper8\results\county\ppo_model_seed3.zip	5157917	b8b40193e99793a8b583414f4ef3dfa40f99fc56e1420418a3ae6babaa4e732b
experiments\paper8\results\county\ppo_model_seed4.zip	5157917	595e1a249737a6fdef2c87dca7c95d07f3f59b33a43108cdfebd75f315cefae7
experiments\paper8\results\county\ppo_model_seed5.zip	5157917	279d095fb12909caefb75d466742426cd5cd5debbbc9e19c9aea6bfd0a381c00
experiments\paper8\results\county\ppo_model_seed6.zip	5157917	668602fe0f05b5cb459e7c15bda38051a7c212dc8e4ec1f485c71b29ac5c97fa
experiments\paper8\results\county\ppo_model_seed7.zip	5157917	81e66ba2170b9dda30815363b0c0247bd495e71d6906ba1342462bd773af90ba
experiments\paper8\results\county\ppo_model_seed8.zip	5157917	9819f01ad6ccc71628f6232686529a0287a7b800fdcf539939253857f93c346e
experiments\paper8\results\county\ppo_model_seed9.zip	5157917	1c2eb992d7df71fc9bfa1e14ca9705f34f7340aebdfc7de38100ea5fcece8737
experiments\paper8\results\county\random_eval_seed0.json	190	e555e6af803268b76af22cf78ac50f6d2717e595b26d8be385af58386a75359b
experiments\paper8\results\county\random_eval_seed1.json	187	e2a01eb59a2268b7c0031e75fe75d846c2d2e0a9e8bafe8bf8832c0ec56d90c0
experiments\paper8\results\county\random_eval_seed10.json	190	1ceb0f28a10958d8005a197f9a6375ae7dae967f773230e2630cddbcb9e7f593
experiments\paper8\results\county\random_eval_seed11.json	191	6fd60b3fdcdc244e54ad5276fa162bee777e90cf806899555e33bd30ec3d607f
experiments\paper8\results\county\random_eval_seed12.json	191	28dda44de906fe69f7ca531da5495c0bd6e3b2b80bd72b70b1935809efe8ee7c
experiments\paper8\results\county\random_eval_seed13.json	190	9955b291525df5194f0846f825bee5ac8c655da3e170399940697261ea20dea2
experiments\paper8\results\county\random_eval_seed14.json	191	c904f6e89c66c15b33479f3a90f594662e3746a7060c36ae9377f90b4078b619
experiments\paper8\results\county\random_eval_seed2.json	189	88798cb7f366dc9717ca4d69f4c33f881bdd569251b2044657b3d24d47a2bae6
experiments\paper8\results\county\random_eval_seed3.json	189	9be63b5061f6f8eefcc3a8c154b2f50842cdd09646ea2f5e85197665255f2cd9
experiments\paper8\results\county\random_eval_seed4.json	188	ddda0ed05d117aaeaca12bfef1f8d7514a64dbee7b54fb655bf7f3d1b2e717ec
experiments\paper8\results\county\random_eval_seed5.json	188	4ab53ee80b233d5df32aca4e110ddb1cf1f897b8c3fe84127d65b38066374e2b
experiments\paper8\results\county\random_eval_seed6.json	190	5e610136a918f358a09a4dd0f1f4aba470f27d253df37380eb151754c7c47756
experiments\paper8\results\county\random_eval_seed7.json	188	b55842d0c71c2c7bdc5c7a676a0b5ee0d613d4a2f6f550226de7635bd62e7945
experiments\paper8\results\county\random_eval_seed8.json	188	23c26fb4bbdeb629cfb919eea3be545282c005f2680c97f41f48cb2323d70bd0
experiments\paper8\results\county\random_eval_seed9.json	188	7a436d9c8f4c8e748902a9de7dc807df808b2cf89f9e4aba293c9abfd1b6e1ab
experiments\paper8\results\dual_rep\50k_backup\full_eval_seed0.json	242	a178e125d7f5f54453583b65317c8e501b45b3daca48c6876235d2df2eba5032
experiments\paper8\results\dual_rep\50k_backup\full_eval_seed1.json	243	ff8ffb657912a7b3ba0f5478a8bf71707e423a55e9ae045828317a0b49e8234e
experiments\paper8\results\dual_rep\50k_backup\full_eval_seed2.json	242	55287001d9024a78e91f6664ddc353c5c7e9ac106f6712df85137b070ff30ad2
experiments\paper8\results\dual_rep\50k_backup\full_model_seed0.zip	4240286	b565ff7e5d6bc0df290e9a266545e33d5bd8e8cac911f85d6ff1aa389aae4441
experiments\paper8\results\dual_rep\50k_backup\full_model_seed1.zip	4240286	9028596969170e4a5002d84b77fce936fb77c489ccc3e26d9f4ca41b27864d97
experiments\paper8\results\dual_rep\50k_backup\full_model_seed2.zip	4240286	7f38a48579cbb2cb31bce9878d9d27afda297d92e1a7fb7a949c15e957f42f59
experiments\paper8\results\dual_rep\dropout_statistical_tests.json	2019	ce947788d852ae1c79819a829321bf9cc407831a68ac270cede78c1c44dde51d
experiments\paper8\results\dual_rep\dropout0.3_eval_seed0.json	248	bd2ecb4d023609c462c31bab8b3b306dd613b7a04804682a982490cc34735918
experiments\paper8\results\dual_rep\dropout0.3_eval_seed1.json	248	d483b44604877973028922c4644a8cd2c4b63c65576bb32175ad1299d3f302f0
experiments\paper8\results\dual_rep\dropout0.3_eval_seed10.json	250	e7659126ce418213424546845414a8701396847647d9e9f7ca978bc64e5be534
experiments\paper8\results\dual_rep\dropout0.3_eval_seed11.json	251	ed2c1151b40da7125b9077aa14bff1288689598c4e9898611917d038d82f7173
experiments\paper8\results\dual_rep\dropout0.3_eval_seed12.json	250	ed30cc81748655cfd2399492456019a79c0b55d9732289cd6925d967b3fecf73
experiments\paper8\results\dual_rep\dropout0.3_eval_seed13.json	250	cc0ec577852eec93b9c67e215101e75ad6f36fe6779603ebe333dbbafa1e7e15
experiments\paper8\results\dual_rep\dropout0.3_eval_seed14.json	250	437f560edc4aded5694d03f17662fadb96d530e328a68007ab4d16752e1b7990
experiments\paper8\results\dual_rep\dropout0.3_eval_seed2.json	248	8c4e793818fa8573985ce1872fbae4c33a72b5d87dea8d378dd91b8b0fbc824a
experiments\paper8\results\dual_rep\dropout0.3_eval_seed3.json	248	029114257d95bcf4842cf9e3d84ae4d27919ef2dd1f9f5d6630ce29ca06f7979
experiments\paper8\results\dual_rep\dropout0.3_eval_seed4.json	249	10779543f1f67b37c5b698426b30be312b5e044057c47c7fb98e583b8015bf9a
experiments\paper8\results\dual_rep\dropout0.3_eval_seed5.json	247	23a3c42396151fdd0e31e41c85ca69c956778835fb9cafb2cb220f5191052eb9
experiments\paper8\results\dual_rep\dropout0.3_eval_seed6.json	250	bf9021723e33941ab4e5c18089c185aa86448378fa82b6020a71ef12d2987c4b
experiments\paper8\results\dual_rep\dropout0.3_eval_seed7.json	248	8b8814c2023723fdfa696ff550bb4f1b62b7cdeea937db08b6e3054752374066
experiments\paper8\results\dual_rep\dropout0.3_eval_seed8.json	248	a2205c3d5d56c93879bea0124e6b206fe3e437ddd74524eca8db7bb43ccf6689
experiments\paper8\results\dual_rep\dropout0.3_eval_seed9.json	250	4a4a0f61912455d668c78a43f5a795a10b171666dae211cd30a6915bc38e17c5
experiments\paper8\results\dual_rep\dropout0.3_model_seed0.zip	4240288	343394ac375176951707e23ea0768c82141e053d3ad6ef3469f7d4285f143d9c
experiments\paper8\results\dual_rep\dropout0.3_model_seed1.zip	4240288	8358aafaff24ac5afc93718a63c227dc7f075f89ee31bf6dfd325ef7e31c6b28
experiments\paper8\results\dual_rep\dropout0.3_model_seed10.zip	4240289	875a48b7ca658252aa6e0f1e04d89889760c874bc85432ab55b1512e93ad65a9
experiments\paper8\results\dual_rep\dropout0.3_model_seed11.zip	4240289	337896ba96e1d1e27fe145fbe1ca269fa880fe93c18fb6883c95b180c90d77c1
experiments\paper8\results\dual_rep\dropout0.3_model_seed12.zip	4240289	7bf4659c24f1eb27e45d1ca9e03693741a7395e4074ac899113528ae1302d200
experiments\paper8\results\dual_rep\dropout0.3_model_seed13.zip	4240289	0f19abca83821f0c2b9b5ef443530f2914ff292e233259da556a96bf20dbe4d3
experiments\paper8\results\dual_rep\dropout0.3_model_seed14.zip	4240289	c72ff271a8ed1a71ea1837296c3151c2be426abbfcc2c079bfecd3fb651014cf
experiments\paper8\results\dual_rep\dropout0.3_model_seed2.zip	4240288	a672cb369dcedfb490309a15b7692aa0d702ae191eb22e2fe274596bd73be7b2
experiments\paper8\results\dual_rep\dropout0.3_model_seed3.zip	4240288	f51c6bbc5c61377d41e0269612310e9c3e93a4f4e93550dc96fb59d8e9355f56
experiments\paper8\results\dual_rep\dropout0.3_model_seed4.zip	4240288	8b22cddd3a52a8ab02f07b9d5469a1d9b1cbb6ada36d8c32878a0060b520cbf9
experiments\paper8\results\dual_rep\dropout0.3_model_seed5.zip	4240288	59df46a53ee3bff4473791983c889a2b6349d56ffad2d59dc208dd0441705213
experiments\paper8\results\dual_rep\dropout0.3_model_seed6.zip	4240288	d2b29bbafa0870e1c3fab741ee2ff57dee496d157da9dfc589314f572e2ddf4b
experiments\paper8\results\dual_rep\dropout0.3_model_seed7.zip	4240288	2ba954b391ef6ac732e5e0dfbea66c3e07683dc7f182896139c9dd95737206ac
experiments\paper8\results\dual_rep\dropout0.3_model_seed8.zip	4240288	52c06e8008138ae0491a53c418621c81511ed36a978a43fbe0f96f712cda6b72
experiments\paper8\results\dual_rep\dropout0.3_model_seed9.zip	4240288	6cddd47ed23238174570b294dffa65b07f62a34f1839d3ee1f1b9f15ddc0748c
experiments\paper8\results\dual_rep\dropout03_train.log	114279	605a326a185976c44e3867290766383d7fbca34619375976ec2d2fdcb0143e34
experiments\paper8\results\dual_rep\dropout1.0_eval_seed0.json	252	cea7eb80cd0ebfaf7c682ee23cd2d2bce163f9a925cf90c163e60b4c972c5777
experiments\paper8\results\dual_rep\dropout1.0_eval_seed1.json	250	210e503c7310f8592e5de690427caf96c618e241994791022b894aa29cc11d6e
experiments\paper8\results\dual_rep\dropout1.0_eval_seed10.json	251	af524c210b1692f9d1c397c4613ac77ca73b170ce69b5c05cc31e3fa1b96fd64
experiments\paper8\results\dual_rep\dropout1.0_eval_seed11.json	252	b6caea4c42819d4ac971693f8595cc5c496c058dd8d15ef7ef7cc2dc7524636d
experiments\paper8\results\dual_rep\dropout1.0_eval_seed12.json	252	6b01a27060c75c0dac0822e61df62fac5362db2cd8d0c35e608d5f342fbb2c35
experiments\paper8\results\dual_rep\dropout1.0_eval_seed13.json	252	4426d01d4490dd4fddff135ad4cfb90b8cd51122b86f640b4478623223ed3c5b
experiments\paper8\results\dual_rep\dropout1.0_eval_seed14.json	251	27acd42029244783099b2a5c75880a1373b992a3720ab5f98ee921ebdf954869
experiments\paper8\results\dual_rep\dropout1.0_eval_seed2.json	252	fe9bc8a1c543fe22760e793e55c1498be3c2fd4cda7dd82abde8c0026c8beb2e
experiments\paper8\results\dual_rep\dropout1.0_eval_seed3.json	250	68df5783e85231b5c459663defe2c16d3fde68de1fb1231889907c3ba1f88c0f
experiments\paper8\results\dual_rep\dropout1.0_eval_seed4.json	249	15cae01b97f7b009103fcf72574cb3bb5c48ec4bac9f71ffd5c9b4716d351be4
experiments\paper8\results\dual_rep\dropout1.0_eval_seed5.json	250	0f800f740af14bae5120c2ff09c309d03b2d54e190e506272cafd18571347a87
experiments\paper8\results\dual_rep\dropout1.0_eval_seed6.json	251	b7ade007e6fcd06d1c4bb03e58f506428722ec053f7d5ea4620f33e3c3f11d67
experiments\paper8\results\dual_rep\dropout1.0_eval_seed7.json	252	6032f41c762b38be22d23f02eea2d777f3863575a6640b36e72db6c94d4a53cf
experiments\paper8\results\dual_rep\dropout1.0_eval_seed8.json	251	9bcbcff3fd0192ddfdfbc9c2922591883e02aa5e47f0d93a35f64e1330cace2b
experiments\paper8\results\dual_rep\dropout1.0_eval_seed9.json	249	7528a2d001fe7ef3d46f2f8313ed6d4f8d4ff8ccd3f6005df9b10540c37a2b8a
experiments\paper8\results\dual_rep\dropout1.0_model_seed0.zip	4240288	899ce7c8922fe00471971b548d35ae3a9a5c2fbf46bda0d7475727e3e7f5bc13
experiments\paper8\results\dual_rep\dropout1.0_model_seed1.zip	4240288	a4dde977f338ba63260b2a00d79a7e5fc083201dcdd49a2cfea3593fc766ec17
experiments\paper8\results\dual_rep\dropout1.0_model_seed10.zip	4240289	f7ea746c2a192ed48aa645e96102aa4e2592372fb0191456777faa7a06fc1cb8
experiments\paper8\results\dual_rep\dropout1.0_model_seed11.zip	4240289	2656bce4c7d2b7cf86ab610692f2062750f0f1fa778505fbde7f424ccecf932c
experiments\paper8\results\dual_rep\dropout1.0_model_seed12.zip	4240289	57c90a9c058e5be02a44aea2c30d46a485b1172f0a354793de192df8a97aca24
experiments\paper8\results\dual_rep\dropout1.0_model_seed13.zip	4240289	c223c374c83d59cd4294e492430a23c8d711f90e343287422e932182a096cadd
experiments\paper8\results\dual_rep\dropout1.0_model_seed14.zip	4240289	6f9dcd4e3509a834ff9a0108144a926257a1890ce94808f95083ff54f9f5ab2b
experiments\paper8\results\dual_rep\dropout1.0_model_seed2.zip	4240288	7810d3f3936ec27e67197b8fe8bd850711c1f7c4b034bca5b82c0425c0251711
experiments\paper8\results\dual_rep\dropout1.0_model_seed3.zip	4240288	cd485bfe401327a187dc7c567e58b62d0769ceb0c6e7aeeb19154c723cd1ba45
experiments\paper8\results\dual_rep\dropout1.0_model_seed4.zip	4240288	bb4dcfc0ab01d3aa44f8a34de195c7c985f054eaf2683b5fe6af5dcbcae1acc1
experiments\paper8\results\dual_rep\dropout1.0_model_seed5.zip	4240288	fe6ff8f07d21a24ab79685b9dec933cf62d340aa22dfa2449373a19e8fb9183c
experiments\paper8\results\dual_rep\dropout1.0_model_seed6.zip	4240288	b3a45bae0ac8da1efb32ddf2f50b063e1f8e6508a9d6c057cbd754cab4678a15
experiments\paper8\results\dual_rep\dropout1.0_model_seed7.zip	4240288	194bf2d3f94f29a80a47ea507e155a7979b82966e2bc1d49df5c9def827556fc
experiments\paper8\results\dual_rep\dropout1.0_model_seed8.zip	4240288	35ce6f4aad7fc789b89db247e189e34569f63b83686cc332a0fe4428a032133d
experiments\paper8\results\dual_rep\dropout1.0_model_seed9.zip	4240288	6efbbba1b3d288f43747e9410c37659596812f1387dcdbbd5851aa109e729b6a
experiments\paper8\results\dual_rep\dropout10_train.log	110325	fda333c2855d6d6f8dbd1b1ab1e4c200149174f1fe30b93b9971e5475bccf408
experiments\paper8\results\dual_rep\full_eval_seed0.json	243	99597f8c495065b34d3215d2c1ee891c0babad7dff84393ccea3fda95883d626
experiments\paper8\results\dual_rep\full_eval_seed1.json	241	9c4240f148de250307ed61ac8c70bc4e7e285012dc65a8b1556a24915ca23e1a
experiments\paper8\results\dual_rep\full_eval_seed10.json	245	c660d57c902a7d64f422c685f83f5f25a82a0cc84cf80fc12849d20c6be668ce
experiments\paper8\results\dual_rep\full_eval_seed11.json	243	6d9e00494464fac1bd108e4371e5fd7a47f4668a70a71c3bff0e0101046f8c3f
experiments\paper8\results\dual_rep\full_eval_seed12.json	241	93af5e8d9b8acf812ee54fa6c4119f98ab9c4552a412883f1f7b550ef380b20d
experiments\paper8\results\dual_rep\full_eval_seed13.json	244	ebc42f66361ae058a36641e2ee6873b095cca4f6cdfa3c6c75531c41b792fed5
experiments\paper8\results\dual_rep\full_eval_seed14.json	243	e2520de38774b620c4c14b0cecf1ce3665933f299e6820124972bc80b516740f
experiments\paper8\results\dual_rep\full_eval_seed2.json	243	206ce7267caf7b3443fb1952a1f7cb825184b893beeedeca23471e2e45c7ce1b
experiments\paper8\results\dual_rep\full_eval_seed3.json	242	84bae27f31189761e10e08d7e0b86fcba0df4cb88195e5332c46adbb13377933
experiments\paper8\results\dual_rep\full_eval_seed4.json	242	a89be8cac09eb23cbcdf75b6cf00cfc7c279beb2e7b7a132737ba1e570fbc7a0
experiments\paper8\results\dual_rep\full_eval_seed5.json	241	0e92bd01b8550984902200769e99cfda5d608a8c40501e68ee15eef75ffe36e8
experiments\paper8\results\dual_rep\full_eval_seed6.json	243	edbe75cf24e63c4516c75fc0115da7ee2da4094b3bef6e0c7b194e726c79c247
experiments\paper8\results\dual_rep\full_eval_seed7.json	243	d20420c05ece713611d4e0cbd1cf2a25963034100cbc59451addff6fd37b0aae
experiments\paper8\results\dual_rep\full_eval_seed8.json	244	7744fe2fd4d42a3954a499ad9e2f9f38c17ef5e3059e6db8bc88a8f96493439d
experiments\paper8\results\dual_rep\full_eval_seed9.json	243	979019efea479bb6eb9ccd41ae64f8d43f8f2a348a7b9cd5cafc1ca60ee008ba
experiments\paper8\results\dual_rep\full_model_seed0.zip	4240288	0cfcec1ed4ff201087966c33a86306a76188edd5e456c4972de74089677c94ca
experiments\paper8\results\dual_rep\full_model_seed1.zip	4240288	4df97db2c9d6468e9b841abf7df6e4dac20f02ee14bf97628bad4efefd6879ac
experiments\paper8\results\dual_rep\full_model_seed10.zip	4240289	289e6786460c3e8359f314cc74fb34ff569db4fe9ad52fc2dd0ef0310f509f57
experiments\paper8\results\dual_rep\full_model_seed11.zip	4240289	96788ec3b4e74687dc5a341a0ce80d161159560f40be45964333285b5e066b99
experiments\paper8\results\dual_rep\full_model_seed12.zip	4240289	a0cf90164bf96203214fd17fe669d00a2fba6f8f8e97242eb09bebfebc5d799b
experiments\paper8\results\dual_rep\full_model_seed13.zip	4240289	5d85f90996593ae5e860659422a9662d3d32285c5d4656fa25eeb0d15d745836
experiments\paper8\results\dual_rep\full_model_seed14.zip	4240289	c43703cdcc6cb61f38caef7325ba5791a702a83b716450fe3e9542f8945662e8
experiments\paper8\results\dual_rep\full_model_seed2.zip	4240288	2f1ab2ad50c6d86b26c5bfba9edcc83f54a2bd796cef85ab18ef075239dd7a1b
experiments\paper8\results\dual_rep\full_model_seed3.zip	4240288	8a54aa8518a5b19180c0fed95d15454c5d4a8d9889f3685c54a1c55895e9d024
experiments\paper8\results\dual_rep\full_model_seed4.zip	4240288	f27435ff1647d730682b96a9187fdfd445c6c87444524c74a3a46ad721fc166b
experiments\paper8\results\dual_rep\full_model_seed5.zip	4240288	472b05b7cfc3420e1ef68f7e354c71cf836c7baee9e1b02e72504a0cade06272
experiments\paper8\results\dual_rep\full_model_seed6.zip	4240288	149e7c3842afe03965c47be3536a1cd0ecfd68443d9034bb2e478bff9b136936
experiments\paper8\results\dual_rep\full_model_seed7.zip	4240288	1e8b380255be4bfb0f811291d799368c2d49871f8cce6337b2cd2d14f361db28
experiments\paper8\results\dual_rep\full_model_seed8.zip	4240288	69e581863494f745902c7122cf58415f6774eddfd2beea044365544faccb4dcf
experiments\paper8\results\dual_rep\full_model_seed9.zip	4240288	2aca6cd07e18b3baa6d6f0a71a333dc5ab9fb8e515bd59048c4694e95319abec
experiments\paper8\results\encoder_comparison.json	4754	e747a4400edceb7a0b48274c8e6f66888373ae09ca1cf420331b540bff5997dd
experiments\paper8\results\greedy\eval_seed0.json	175	d6f2957c23e64c536eb3855d9b10adf3d8da79ba8ed178adbe0fc38e19e3fb21
experiments\paper8\results\greedy\eval_seed1.json	175	8b14f90fc872c1c84bba01d81ad6f5b2a267fc0e91b5d976892ee504f42f3a89
experiments\paper8\results\greedy\eval_seed2.json	175	a910fb8bcf4def8f97c77de94865dcab96f3c5053e9e8edd97b68ff2b2e414b2
experiments\paper8\results\intervention\ppo_eval_seed0.json	198	53cbd5118409a315b9a24d325a6accefc9703f61b92db5554b3631b31bc2cecd
experiments\paper8\results\intervention\ppo_eval_seed1.json	199	c7e8f6466753e4f50064fd8cb5420d5a7085fa68b07c32fcd5b41b93917449b9
experiments\paper8\results\intervention\ppo_eval_seed10.json	200	8efe9b933c84aecf7897bcc4ebd30bbd87404e29dbfea47386357dff53cd704b
experiments\paper8\results\intervention\ppo_eval_seed11.json	201	63a07b99e628de2ba52dd29f1a1a88630c1a39e99871cd4cdffe7ec97171e898
experiments\paper8\results\intervention\ppo_eval_seed12.json	198	481394a319b9bfb7b052ff99bfa1761d8f7c937259b14aa9b1cb4bf8adf6d407
experiments\paper8\results\intervention\ppo_eval_seed13.json	201	555c09cb4fcb0a4e1208a72849083fd2453ea7be9c4a6337fbe39459aae7cb35
experiments\paper8\results\intervention\ppo_eval_seed14.json	199	8938cd7e8ed4f298a76e9d92bcb6695a35502d242d4487a3d73b00cd2ff0f7b3
experiments\paper8\results\intervention\ppo_eval_seed2.json	199	86106da693bb71cea3359e3ce1e362d4551f41bc48d8d39d4850179ec38d01b6
experiments\paper8\results\intervention\ppo_eval_seed3.json	197	7a6471521ed9f2c85b06959543a7159ea5781b5b7d280d455b1c1ff32601df35
experiments\paper8\results\intervention\ppo_eval_seed4.json	198	56512292c344167a3de34ef28dad1543f612b48096442133bfc6f19da6028e77
experiments\paper8\results\intervention\ppo_eval_seed5.json	196	4d84cc26aabc6dc295cdce17048a566802cb666fbf12b95284331a2c16141d1b
experiments\paper8\results\intervention\ppo_eval_seed6.json	198	92ddc6555fffd5a2448462e90521b2b73e8940e367cc2a2b492f90ff227aa454
experiments\paper8\results\intervention\ppo_eval_seed7.json	200	e995e670a25567dfd23b3d4e29a488e3bf8fe5c415e2c66bd23af3e25ea5af37
experiments\paper8\results\intervention\ppo_eval_seed8.json	199	7dea5238897cd1a5cacc65fb6e729d0abcdb54efa7a4744b738bc968c9778115
experiments\paper8\results\intervention\ppo_eval_seed9.json	198	1cfa6b797e38d30ed1cd6d580ef5aa8333fa519188f0967bc099dabacabd4d2d
experiments\paper8\results\intervention\ppo_model_seed0.zip	3389112	21c586b911455185c5613dc4323668b5af9a6149921291254257dcd9730a8265
experiments\paper8\results\intervention\ppo_model_seed1.zip	3389112	ca45a3506ac387d5e647bfc907bdd57c16b1e7ecacacf8c8d43a404c3f84e75a
experiments\paper8\results\intervention\ppo_model_seed10.zip	3389113	37386b6157e45178d2b9e1b8ecced22d9bab0ea650113e26c582702efa2c9d13
experiments\paper8\results\intervention\ppo_model_seed11.zip	3389113	b6d051102606dccf3a28b1ca92cad9553934c9f3082adbfd89ada22f9e621b3d
experiments\paper8\results\intervention\ppo_model_seed12.zip	3389113	e12ac0ed93e316c0c22951bb26549b2188513139039c7980ff754d8c192b0d37
experiments\paper8\results\intervention\ppo_model_seed13.zip	3389113	8ee3610f8e97b1c0c2af9ebb93227167e500f6c901eaac59096e15c74939e581
experiments\paper8\results\intervention\ppo_model_seed14.zip	3389113	7e7cac570fd1408f9d93f6352de16150bb41b4e8d2f6a5532b104f90a942f6a2
experiments\paper8\results\intervention\ppo_model_seed2.zip	3389112	9b1523a63e33a994991451357719484b8a98f261262300e1e691e759af5870c5
experiments\paper8\results\intervention\ppo_model_seed3.zip	3389112	613f1ddd800c3fe0f1d81af050807f820afddbeaff2c7ebe057389146c03a16f
experiments\paper8\results\intervention\ppo_model_seed4.zip	3389112	68564ef839d33d2beb11ad8f875da197391df7954c6d23d7ae17d055f235be35
experiments\paper8\results\intervention\ppo_model_seed5.zip	3389112	bb233c5313144d75848dc7eb25823b37fce9891492effc31dde7544b00594eec
experiments\paper8\results\intervention\ppo_model_seed6.zip	3389112	79d7af22054841cb1cc768e40448b82f024400ab0a4c241b56cc79c8ef5efabe
experiments\paper8\results\intervention\ppo_model_seed7.zip	3389112	9f54da863e59035f3829d1d54d602c48a88290336219287abb4f2a8c81d54570
experiments\paper8\results\intervention\ppo_model_seed8.zip	3389112	13449c19a32ca4afedbd618082b3476ad1959c2feebc0fef72ac916f70b68f49
experiments\paper8\results\intervention\ppo_model_seed9.zip	3389112	795e1a3bc9bf4b50f6829289d8770701a0d39304598e40fd8208962c54e2d0df
experiments\paper8\results\intervention_c\eval_seed0.json	134	18fba17929f7fa7b63dfed877d13d298bc7ddf62f1a3f4bfa6b025fcdf317f7c
experiments\paper8\results\intervention_c\eval_seed1.json	135	9947860c6e1bd6de2b3e72de4bd67a4d183244bba63902f4af14c9bf82bcbde7
experiments\paper8\results\intervention_c\eval_seed10.json	136	3be87790db730918d5b43413e5062bf3383170d0999fc363d6cf61c651324a41
experiments\paper8\results\intervention_c\eval_seed11.json	135	fc10717d91acb23009a24bd458d9708332fb46b57f798ffd13539cb1cbac350f
experiments\paper8\results\intervention_c\eval_seed12.json	134	436c3d9e3a3513451e6f869f25b872020c970eb49863acdff5048e7657ee86ae
experiments\paper8\results\intervention_c\eval_seed13.json	134	769c678c8e8d7e40dba525b11fbc7602e4170ce9338bb72433a07393962551df
experiments\paper8\results\intervention_c\eval_seed14.json	136	98989c289efb3b82c994154009bf2456024dd83b7adfab5613418865dedd5839
experiments\paper8\results\intervention_c\eval_seed2.json	134	9e527f8c773c71aa15177c71c80d1521d45368459e00bb24e9deaea7f149cb8d
experiments\paper8\results\intervention_c\eval_seed3.json	132	ebdf90bd8ea4afbf540a46f18642ea0d9d681ba6c662d53741c2cbd00b6e7df4
experiments\paper8\results\intervention_c\eval_seed4.json	135	154514158055f2e969cd7ee7e3f6c1fc4d06308f483479e1cc4a3272626595da
experiments\paper8\results\intervention_c\eval_seed5.json	133	aa5cbc148d1ac8a699de589f0f8a1220d9a51897f48d4719184c2bafaecbd826
experiments\paper8\results\intervention_c\eval_seed6.json	133	735c2adfcef5d44aa36e1aa9855dfd33d45bfdbea3885b493b2e725af1faf6b8
experiments\paper8\results\intervention_c\eval_seed7.json	134	6f4eed6e14397459c93b6306797c8eb5c7c9c834fb5928fbda2b01f81ffd7fff
experiments\paper8\results\intervention_c\eval_seed8.json	135	30cb6bd8c69d8e8fd572809d12168766a73eb7a49276a800ee3848845e640411
experiments\paper8\results\intervention_c\eval_seed9.json	134	f8a7aef242144cf4d6d3974c1d34149a32926c4899a582353fc0a458120f3f5f
experiments\paper8\results\paper8_ablation_encoder.json	11941	c1a0cdd309a3ab0831992a4eb978fc7e89718ace86816f2e6229b5ea1c26333e
experiments\paper8\results\ppo\eval_seed0.json	237	8609b9cd2439ebab1b6aff76b81d04a2798bbf17b7ee13d8bef32ada389d5ff8
experiments\paper8\results\ppo\eval_seed1.json	237	49466cebd28de02b505320e5dfce2dc7fbad13714f57829f3430ce5af228422f
experiments\paper8\results\ppo\eval_seed2.json	235	05f5a889351c09370fe22da6aace75516e3a1872eb41ffa1988e7b49d5a05687
experiments\paper8\results\ppo\model_seed0.zip	5157916	f80e51ab83587d02a12e023d542f74788c9c9abdf64ab748ac9c75645d8e8c3a
experiments\paper8\results\ppo\model_seed1.zip	5157916	73cc2d37d0472c856292d2e597bf0be1a48375387013da997c68d257f7fc70eb
experiments\paper8\results\ppo\model_seed2.zip	5157916	d69259ec1ed64c2baa31ff0c9667a81e298a7d6bfcb2311cec7d930488708988
experiments\paper8\results\random\eval_seed0.json	190	b70c53c1843cef25bf22adbb4fff6cd4d4b06fbf795b5b66d06f7a8ecbfa3a57
experiments\paper8\results\random\eval_seed1.json	190	d28ea045f59abf2ead8795479d93381158aa2a15f2a6f9826a108e31158fca78
experiments\paper8\results\random\eval_seed2.json	190	1a79120c86f451c7503a3f4b0962258edf3a0740a8891efad6d19a29cf80908c
experiments\paper8\results\transfer_heping\greedy_eval_seed0.json	166	ccedcfcd93b0bb08e8d99b9787431ff8792ee823b901158eece45ad5918d3905
experiments\paper8\results\transfer_heping\greedy_eval_seed1.json	166	629440040c9d2c6483a9e2dc8ce8972a65ac09cdc44ca665811a4ba80cfe9b09
experiments\paper8\results\transfer_heping\greedy_eval_seed10.json	167	46dcced5eab0393b9bf3959f72384f042438baa29cc07cd7c3580330c12852de
experiments\paper8\results\transfer_heping\greedy_eval_seed11.json	167	48f947b3da3619d893181c958141a416feaf9152d956b8e9eac5c35c81ef057c
experiments\paper8\results\transfer_heping\greedy_eval_seed12.json	167	2ba235aff317b9333f554f3d39ff9709a93da2916f9dd87a2a2ef370fe22162c
experiments\paper8\results\transfer_heping\greedy_eval_seed13.json	167	1f03e599fb22dac19c825c14fd00bedc8074a6fa373dbedadfd2d505d2945ad0
experiments\paper8\results\transfer_heping\greedy_eval_seed14.json	167	c5ef5001f4cf6a8e16447c01a952b38fd37efee346f9e95dfa6ee6141d73b830
experiments\paper8\results\transfer_heping\greedy_eval_seed2.json	166	f61c450d531ee8a4a7369216f37d678278a65ebc7202a4ecc72686b68f61f14e
experiments\paper8\results\transfer_heping\greedy_eval_seed3.json	166	d538e30b31d458bf42915f92e76c251238055c7831961c7131be2c2c976638e0
experiments\paper8\results\transfer_heping\greedy_eval_seed4.json	166	b77b1c8804f26300ac49d754055cee7e131ff6138756675b0422966501552604
experiments\paper8\results\transfer_heping\greedy_eval_seed5.json	166	d1290a71a900fa41c06882bb47d03fde44bf846a5f1a6c2159e0d7637295277d
experiments\paper8\results\transfer_heping\greedy_eval_seed6.json	166	11f30259f588b339c7ffe6bc3c5847742f676e23f8294b03061e4a90f3be9560
experiments\paper8\results\transfer_heping\greedy_eval_seed7.json	166	d1e15b7914450c9ea5edaa62482cf9e7e2f43ae0a98a090e8eaa7b9a215c252b
experiments\paper8\results\transfer_heping\greedy_eval_seed8.json	166	884148952ccc1b5bcf4852c88ec5df7c4997beccd11170f1a19ad27399423bf2
experiments\paper8\results\transfer_heping\greedy_eval_seed9.json	166	455700c34d92864b0fb68d992558036d0118e04c943e79961c6320bee4f2be8c
experiments\paper8\results\transfer_heping\random_eval_seed0.json	195	f63dce78f30e095e0e69654b8a6a3bb0358a26055d964402ae52bf1552107a15
experiments\paper8\results\transfer_heping\random_eval_seed1.json	196	cbf15b5f354f96d20d72bb2a92334aec92067d5f088da6e44edcfd5e343f730e
experiments\paper8\results\transfer_heping\random_eval_seed10.json	197	d5e690c9415210f89e6500c869a57219c856478db4118ba6704d4aea22516ca5
experiments\paper8\results\transfer_heping\random_eval_seed11.json	194	e2a3c2d1ff952cada3ae8ad46ce013847b65d47a5477c96a3a247b9f0a2cdb07
experiments\paper8\results\transfer_heping\random_eval_seed12.json	193	07c3221f737c09455490ee0a8cc726c3563968eea174de16d6b2982a650342d0
experiments\paper8\results\transfer_heping\random_eval_seed13.json	195	a0f0b770efcccb3ebe4e6124704e9eea7dfff2fd2a199bbc53192d23468fbf72
experiments\paper8\results\transfer_heping\random_eval_seed14.json	196	f2816230a539556c27f31dedb2fce65379b212c307aa79eb21003788ec1bca3f
experiments\paper8\results\transfer_heping\random_eval_seed2.json	196	ef6c21d947029007414e473a98fbf0189b32e78b7981fbe9a5eb3b553f89e310
experiments\paper8\results\transfer_heping\random_eval_seed3.json	195	59a21d9be69aee0397c4dfbbd5b68eab6dc171a697b16cf8add58cc91c6e0168
experiments\paper8\results\transfer_heping\random_eval_seed4.json	192	4724e46dd1cd58de17dae8be612d37b651e8179b41cd20344e127e6828fb793a
experiments\paper8\results\transfer_heping\random_eval_seed5.json	194	fa0cad8394b8d80d3409e38e9d2666988e141a40ee043af64b831a89ae24c29d
experiments\paper8\results\transfer_heping\random_eval_seed6.json	194	ba83bcb1efb2165caee32a81df9ad645ce6359571c7de134a5ed3f012d523b46
experiments\paper8\results\transfer_heping\random_eval_seed7.json	193	54b3e202562109d280a298527e7d5877b44d41dd2e5aeede0854f6d6ff584285
experiments\paper8\results\transfer_heping\random_eval_seed8.json	194	0d8581c2ce58335738739db92de933ec2f4eb64ff65dbbaefc77ca4201a29ae2
experiments\paper8\results\transfer_heping\random_eval_seed9.json	195	9530a857c43bbaab5aa3d5b60525dc5126bb6d5579884d958af2e03c13cdc302
experiments\paper8\results\transfer_heping\transfer_eval_seed0.json	168	82c380d3db63d7c3efd3a20ed1cfb420ab5d9861025154ceff12644d289023cc
experiments\paper8\results\transfer_heping\transfer_eval_seed1.json	168	c0df5ff6ebeac09f46c22ad7f799d97ba7ce18e6aa08bae4e7998d933eed6873
experiments\paper8\results\transfer_heping\transfer_eval_seed10.json	167	6897941434239408dbd3d4ead94a3fed5b79d12d22f3b124444166084edddfc5
experiments\paper8\results\transfer_heping\transfer_eval_seed11.json	169	72a6a1d1a5aff6440b23986dabe113472cc74ec558ec7b5fd542072c07991e16
experiments\paper8\results\transfer_heping\transfer_eval_seed12.json	169	24012b454046c1b326e195f3c87eed966a1ec0678cbef6b3e32b9a74e5e7572d
experiments\paper8\results\transfer_heping\transfer_eval_seed13.json	169	4da3ec99ac395328b05e4cb96ba853c31de2ed5cf08bcde672ddba6c51ae51b7
experiments\paper8\results\transfer_heping\transfer_eval_seed14.json	169	08f8caa9059d9eb449637edc0966314d4c40570533a14f5d50196351c696d267
experiments\paper8\results\transfer_heping\transfer_eval_seed2.json	168	40ec603c0094e4696016c7f50d5c345f8852e7f3688521a874a2c7db35dfb67b
experiments\paper8\results\transfer_heping\transfer_eval_seed3.json	168	bf04901c9b05b76bad1ca6a95105d6be2327c2835b9608ae8a9b99c49993ca6c
experiments\paper8\results\transfer_heping\transfer_eval_seed4.json	168	2175b24cac0a851b3fae05d56d860a93fe8772656ad769187edfc36c60f2d0a9
experiments\paper8\results\transfer_heping\transfer_eval_seed5.json	168	457e8640830ce3c7990dd436d51bdb2ee9057745a7e893235f08db32526fad9f
experiments\paper8\results\transfer_heping\transfer_eval_seed6.json	168	e8301720adf3f6da420565d333c159f79eba9f1e340914e252cc200b887b3a81
experiments\paper8\results\transfer_heping\transfer_eval_seed7.json	168	69f9d4e5d7029e49b5cdb711b2c273bd7d9e22569763e39600059aac5a5af57e
experiments\paper8\results\transfer_heping\transfer_eval_seed8.json	168	e37879fdff3570b6ec80ca5ca8df7ea8a27209135dce9cc4d048b671fb4cc576
experiments\paper8\results\transfer_heping\transfer_eval_seed9.json	168	1718122f8342d4100d122613d3e703936341836f9c8378a0aa5cdbb8db3ce469
experiments\paper8\results\village\greedy_eval_seed0.json	185	94e4eca2617affa02f089af175f4c9fbb7fd13c57731714a35c5847bed4a73a7
experiments\paper8\results\village\greedy_eval_seed1.json	185	8b2895eecf7d238ebeb9dec79a489ec6732e4b17f47eeb8549bff68a9b7dcdd6
experiments\paper8\results\village\greedy_eval_seed10.json	186	99348900e89a861cf0f20098b5fd7946e49ad3466f7b21031afd4335b44e045f
experiments\paper8\results\village\greedy_eval_seed11.json	186	d00c534f4b2034575b54c6ac207ddb6cf0a2e9c4acb09fd402df77f4dc0d3c91
experiments\paper8\results\village\greedy_eval_seed12.json	186	3aa21ff9fc040e7f1164e62c4532ae541b143aa41bac9f539f369b9cf94e3496
experiments\paper8\results\village\greedy_eval_seed13.json	186	5cd93870216ad96c68c595f1b97556ea82ed3e7023a47adc34accd208b7d51f7
experiments\paper8\results\village\greedy_eval_seed14.json	186	5cfe6063a1e1d8b6d879a2e27049f0b06e584cc867fad1c3e2e50da334febba8
experiments\paper8\results\village\greedy_eval_seed2.json	185	1d21d4804d4036417800d3e192e3c19bd8109c08a140d2cc6040e3954b264ed4
experiments\paper8\results\village\greedy_eval_seed3.json	185	bf7908e7cd7c8114f9a0ee38ca3a981134a9f1c249c77ee050000bf7d6d6bd1e
experiments\paper8\results\village\greedy_eval_seed4.json	185	80e05dd29cb750d86f9fb318cbfc7a251c44e48db1bef778c28139d7cbe3d14b
experiments\paper8\results\village\greedy_eval_seed5.json	185	707bbd35d7f9cb47970b1572459c2e89cea99d8bede1e37757e553ea6586f54b
experiments\paper8\results\village\greedy_eval_seed6.json	185	7663552e82024307371e1fccb85a7f84a5976770c314682017134b69b0501cff
experiments\paper8\results\village\greedy_eval_seed7.json	185	9cfdc4c124364e7ad38aa19852bbcab7505f5814f10c20dd348d56368460b916
experiments\paper8\results\village\greedy_eval_seed8.json	185	d50a8b6e4dc0ad1663ba8c7262e1f88488828953c77cd50a844607f4118da01f
experiments\paper8\results\village\greedy_eval_seed9.json	185	27f2b55c504e588cadc3b58675c9b4be0de33cdfa9f86af76483e269222d7506
experiments\paper8\results\village\ppo_eval_seed0.json	226	b32cf8f67be23448799849755eaf0ff195781420c93f4c742f0e57acfefac8af
experiments\paper8\results\village\ppo_eval_seed1.json	226	6a2ae300bead8c9e80fff134d41a372c7a79f7108031c24144ce66844421a2ea
experiments\paper8\results\village\ppo_eval_seed10.json	228	2a8b1ea1f9fc6530cc7e0f018ead13b605b5b04496e40c3075a263104cba177c
experiments\paper8\results\village\ppo_eval_seed11.json	227	2fbcc80ce0333c9df49e0cc599ab11dee0b2113d62e79c76191951d02f14abd8
experiments\paper8\results\village\ppo_eval_seed12.json	228	5f5005cb27cd92b5b6917eb53d0c62f5c4394b28dac034e8429d93323b332535
experiments\paper8\results\village\ppo_eval_seed13.json	229	d093ae7070cd43b089cb775b12906ebc584cba831d411587188e8169cfad1c55
experiments\paper8\results\village\ppo_eval_seed14.json	229	caeb499702008fe96a2405a026d24a2abf443eecc40c336c6d29ca2d7b8366c3
experiments\paper8\results\village\ppo_eval_seed2.json	227	36870e77fcd3c242d47eb8f635456c3d9d5cfa71f7a9d664b9b3b3f926014283
experiments\paper8\results\village\ppo_eval_seed3.json	227	07303bcf06ba26a3266f2144c75bd15557d53ab87e0f63e6d7cf9c36e529dd8e
experiments\paper8\results\village\ppo_eval_seed4.json	245	5772e1a03875ccbe2237c311ff014fd225d055c1d8af9f283e25d1ba369e06c0
experiments\paper8\results\village\ppo_eval_seed5.json	227	15e983c247c9afdc2474becad76973d0d8c7206ed6ef4ab66a219c5df3797c8c
experiments\paper8\results\village\ppo_eval_seed6.json	247	9709bd3c96f532bb9845b7fa4d09bd5e98507434172909f9138829d66df575d0
experiments\paper8\results\village\ppo_eval_seed7.json	226	e1ab5880d8c553da893872ef1f260e2da371d40cb7b4ed0ef5fda32328cf3e8a
experiments\paper8\results\village\ppo_eval_seed8.json	227	84bcab4d11302c1cf5c32cb7f06b5b4325a2c9bc0a2cf78b5b5cd535c530a5b1
experiments\paper8\results\village\ppo_eval_seed9.json	228	c01d647a13dc7881ce2d1a9899391184dcea0ca1c28f70fd4a2539adeca86c14
experiments\paper8\results\village\ppo_model_seed0.zip	10171823	e05d5d8df49af43954902734384f217a7da2ee31b7f65f0fe4e041655195af14
experiments\paper8\results\village\ppo_model_seed1.zip	10171823	87ffbf236da526566a6959a38acc0611bb76c20d42be70aef2897b9c526357ae
experiments\paper8\results\village\ppo_model_seed10.zip	10171824	12cb4bd388f4645501fcca7112b81a12d613ac48e6bf89a93b6ad24711720040
experiments\paper8\results\village\ppo_model_seed11.zip	10171824	4855e9e0adbff46969f79d7f2c6a767d1e3bdd3a6c6a46b5b304ecbb860866cf
experiments\paper8\results\village\ppo_model_seed12.zip	10171824	b613bce1c5ee1931c06de49991e609ba56d4ea94636187ea4b43cec110495b46
experiments\paper8\results\village\ppo_model_seed13.zip	10171824	b143c61164a6df8a805a027045fbdb57a0a98dc52b4b3b1366e90ce8149577c0
experiments\paper8\results\village\ppo_model_seed14.zip	10171824	109cd64f37e444d0880e1e2fa932f015b3f163a786f7c927cb3293fe3d025d6a
experiments\paper8\results\village\ppo_model_seed2.zip	10171823	99de6edd8848e42863b2565be9498e694a1fd3fd18462109d3f44c372692be2d
experiments\paper8\results\village\ppo_model_seed3.zip	10171823	be46676e7a0a1c7176aea2bf4037226b6f3522cfaeaa9ebc361a895255b914ab
experiments\paper8\results\village\ppo_model_seed4.zip	10171823	864f14151768c5a004f2228758bc9b4e414cf223ff09d27670ef09cd8c56056f
experiments\paper8\results\village\ppo_model_seed5.zip	10171823	5125ffff53e2b28bf47bf26b31f8f829cb2dd560d33be4a99aa4740b40a5f445
experiments\paper8\results\village\ppo_model_seed6.zip	10171823	ae406ef2fedb1328e0585b2421613c91dc297faf135515eec758135c9a8f8178
experiments\paper8\results\village\ppo_model_seed7.zip	10171823	8f8d35925d9cee24ea9341e8c4d8c7393cf6f0ab848372721c59d18687c4c433
experiments\paper8\results\village\ppo_model_seed8.zip	10171823	be239af0896a3424ecd59b4187944a444c187612386f8d3bb03aa895812436fb
experiments\paper8\results\village\ppo_model_seed9.zip	10171823	ebf9a980af52eea8df17de6587a6aca4df1363c8ab23e3838af0ed7cfe208088
experiments\paper8\results\village\random_eval_seed0.json	193	f2d0fa90807a7804e671b722f329ae3baf14044f1a2a35bbb9dde8b0b259e7a4
experiments\paper8\results\village\random_eval_seed1.json	193	39895aa9f48d01534a4d4d42f26fa3c844c2b55979a287eff93bf57f70fda661
experiments\paper8\results\village\random_eval_seed10.json	194	f33575ebc237000b54d1a7aaba11325e4802a86a0afe5eb23c76549346359b2d
experiments\paper8\results\village\random_eval_seed11.json	197	625dd5f5284ceb2940b5858ac46541d6ce5b46f1209d7db6488b35a2407c3577
experiments\paper8\results\village\random_eval_seed12.json	194	46004e456f79667de4cfc53fc6a5fd2b59dcec4d209b7eaccb874aa9e0c8705f
experiments\paper8\results\village\random_eval_seed13.json	196	bb3e8230f59cc38386ae126307ea0e561d8b9f2509857599b55ea12d08ee2b35
experiments\paper8\results\village\random_eval_seed14.json	195	ae1b31555f324a51aeeb50e770a4f191b00a291e9f46b0111609875e2d0388a6
experiments\paper8\results\village\random_eval_seed2.json	193	a3111aba763c92fc7410e59beb1688272f93ad2d434e35e14b022d37cddee176
experiments\paper8\results\village\random_eval_seed3.json	195	154d88feb0fa9933600411787ebb06ed456d75d0386f13dc0d492b1b329df0de
experiments\paper8\results\village\random_eval_seed4.json	191	35389e2178a8c3d15ce2eeb39094602ee231812e13500b6f54bfcf5626936e68
experiments\paper8\results\village\random_eval_seed5.json	194	e858faf3ac1f34dbc4c39f085de3173eb4a00f89ccd8dc27ac54ab5c240d3240
experiments\paper8\results\village\random_eval_seed6.json	194	b416c74d5640876fae8f85f6b185e32e800470b007519965b0f162e89bcb4c12
experiments\paper8\results\village\random_eval_seed7.json	194	21d29b81dafaf2ee9aa6604c5f5352a042a5894af708c64684c9cba631f3492a
experiments\paper8\results\village\random_eval_seed8.json	194	e865856a2dd3aea283f1bb84205998a5540300b8050a3619bd1dfc35b42b19fc
experiments\paper8\results\village\random_eval_seed9.json	192	9d8682db9c54a54dc4dff7ffad98394880dbe2306006e7d23c0e16da1af98863
experiments\paper8\train_dual_rep.py	6376	799154c259754cfc751a638baf74b0eff77bd991c245a5d1dc13262df5a58a10
experiments\paper8\train_embedding_rl.py	8429	f81deda1ce60b1b6b67677b66ce8789e9d62f6a81ae63ac13d007083903b8dab
experiments\paper8\train_intervention_rl.py	6977	1acd4ee5f1233751b0b841fee09d99c7c6f23b2a3f786a926f72b9ba225d22df
experiments\paper8\train_prithvi_ldn.py	8349	6afdfb5405f2a77efcf740aa0a0d1fd86c412e243fcaf19930f1ca83765c7cb3
experiments\paper8\weights\latent_dynamics_prithvi_768d_seed123.pt	8880485	f51defef4ccdb9fb75fba1f391684b5d413b66d24dccc82ca5d663ffbf7b939d
experiments\paper8\weights\latent_dynamics_prithvi_768d_seed42.pt	8880461	c35bc907c30904f798c26a880689f62bd8e611a015dce3cc7e41722e341d7908
experiments\paper8\weights\latent_dynamics_prithvi_768d_seed456.pt	8880485	37d04aa457d2bd581fedf926548834cfd5a8e2af9fb92af69d87e480d1696887
external\alphaearth_system\AlphaEarth_Colab_Training_Guide.md	11225	2a4d3156d7a35eb51387b1fca3bc0081f1113e9fdad54d100b02696157b8be04
external\alphaearth_system\AlphaEarth_vs_ArcGIS_Prithvi_Analysis.md	8819	a915a91b60be2e485f8eeafe42d552f85fe0d49eaea73348f0106fa4800ad0a3
external\alphaearth_system\AlphaEarth_vs_Prithvi_Technical_Analysis.md	11476	87e6f04d773487ac62e82d6d111b25c4a750c33ba63630c6e1d7af0355181637
external\alphaearth_system\colab\train_paper58_ablation.ipynb	33798	ccf55128c75c3cc0f676affb133ebb3dbf6eafcea8525309f5141f49b4b4feaa
external\alphaearth_system\geoadapter\__init__.py	94	9b63163b55abdc12842dca6d96287b48f21f91906a3611c78d35fed8535b0058
external\alphaearth_system\geoadapter\adapters\__init__.py	290	6fbe017f37fd27d5fa74f80d049449c4027a5a6c9a270a53aca77bd470202f6f
external\alphaearth_system\geoadapter\adapters\base.py	428	1b1b47d62a15ff4121ae11f8c8911f852cb8d6ef51b836a683967394e4cdf764
external\alphaearth_system\geoadapter\adapters\bitfit.py	935	2b05b266c4512c79905bd663dbacd95efa961d9714890c316d471faae7f13cd1
external\alphaearth_system\geoadapter\adapters\geo_adapter.py	2681	5b06f14045ef7941e356ef9bcef35d3fe0ace611e48a36d3b9108fae9a595c35
external\alphaearth_system\geoadapter\adapters\houlsby.py	1383	3984573800a31444576c7e86ee35018bdfa1ad70911e97f8f14efc44bb68179f
external\alphaearth_system\geoadapter\adapters\lora.py	4857	d583b5c70ddb4fcd259cab72c22a2a0ca93dc3f633a4eea64998252d4754f8af
external\alphaearth_system\geoadapter\adapters\zero_pad.py	503	736129e22de190e4540850bd75a5fdeb31d6d02edb8c2ba71d66eb1a01a52797
external\alphaearth_system\geoadapter\bench\__init__.py	0	e3b0c44298fc1c149afbf4c8996fb92427ae41e4649b934ca495991b7852b855
external\alphaearth_system\geoadapter\bench\configs\.gitkeep	0	e3b0c44298fc1c149afbf4c8996fb92427ae41e4649b934ca495991b7852b855
external\alphaearth_system\geoadapter\bench\configs\bigearthnet.yaml	615	dc25d2083a3a62c67b80f233188a21617cbc079d750724cf1312a4464119d453
external\alphaearth_system\geoadapter\bench\configs\bigearthnet_houlsby.yaml	538	7ea22f7f504f49630ccb983d6e3afdfa88473958d91a76f3239edb1954767df0
external\alphaearth_system\geoadapter\bench\configs\bigearthnet_linear_probe.yaml	521	a73e7216c61a5e8f6dabdd563ae8c5949540603a2c572cfe6f0b821686c4b31f
external\alphaearth_system\geoadapter\bench\configs\bigearthnet_lora.yaml	521	54dc39c8bb6a375f0e4d988eb0de5b69e9370436d9b1f56a736633a38c7af205
external\alphaearth_system\geoadapter\bench\configs\eurosat_default.yaml	725	806968af6a63139af3553fdf836df295a14ae504be0801479e565395d28980bf
external\alphaearth_system\geoadapter\bench\configs\full_finetune.yaml	380	3df1208c11bb834be95713ac3a69f06dea589df0680cf8f72ae63574fdaeed38
external\alphaearth_system\geoadapter\bench\configs\landcoverai.yaml	582	58ef91fe969cd39c10b0b698b9f764dddf5c170c915c154f31c71a883b3d1285
external\alphaearth_system\geoadapter\bench\configs\linhe_buildings.yaml	984	652784b5c3fa46f088e5a5ef4cd8d49d3e136134d62c26c6ac9b6240278fcaaa
external\alphaearth_system\geoadapter\bench\configs\linhe_buildings_smoke.yaml	717	5d29dc3e9ec8a9072b350700eeac72f8a450cc715f53b4e9d5882ad8e073c1d1
external\alphaearth_system\geoadapter\bench\configs\linhe_lulc.yaml	1151	eebfc96ae2809d41d78a4dd85780171cf2490042e66383d1fec7c0367294e644
external\alphaearth_system\geoadapter\bench\configs\lora_ablation.yaml	423	42ed1d9095347eb5b003ec6a2818688a91c9629c0d8cfab445a227a9c8027b95
external\alphaearth_system\geoadapter\bench\configs\loveda_lulc_r2u.yaml	876	2cd9f9a09e3a59771f1a00668073e0b211236b1db8b0ad3f6621684b38123516
external\alphaearth_system\geoadapter\bench\configs\loveda_lulc_u2r.yaml	876	079ead0f6ba45e2a1ed666e4a4dd5662d3726fd1c8a9743edff17f653c35acd7
external\alphaearth_system\geoadapter\bench\configs\loveda_lulc_u2r_diag.yaml	646	e59050f69a20cb76b231b55d21ed8dd922b02372a84c452cf919db1955177d21
external\alphaearth_system\geoadapter\bench\configs\sen1floods11.yaml	592	86d86dd24834b763cbf04b39f8ef3ce1104fc2c908ce4723208290f51acddbf5
external\alphaearth_system\geoadapter\bench\run_benchmark.py	15790	de6e248fda292a0a8d874311b6d7e31f02d476a3aab03d207efc61a9843f6885
external\alphaearth_system\geoadapter\bench\run_loveda_crossdomain.py	3356	1b661d5614b9472c2afa1a13c7abc256a8a03814da9a350faea90731ad5cd5a3
external\alphaearth_system\geoadapter\data\__init__.py	99	7a95ba21fc8f1347b6589d7d5bd8aeb4a1e4e70be79c8e0fcfe737a4a7d4055e
external\alphaearth_system\geoadapter\data\datasets.py	14149	e7d5cb27375274ffd0cd7541ca142db0a691d1508bcda91cdea567515280a2a4
external\alphaearth_system\geoadapter\data\transforms.py	786	dc3d479db3df63537d6a17ab1aefdf24b89b92218a378ff8e9724e21dd095a39
external\alphaearth_system\geoadapter\engine\__init__.py	145	93ee84b9e7a2572222364cc528cd96c07c43e439327d1d2b8f68163f3db33b94
external\alphaearth_system\geoadapter\engine\evaluator.py	3042	bad0c81aefb8bc7757308d136348b992862a96d1068c238c0fed36664351f53d
external\alphaearth_system\geoadapter\engine\trainer.py	4779	1c703216df6939676e7feb7588b6ad4d7628e4be5e14ffbd5e1a598810605620
external\alphaearth_system\geoadapter\models\__init__.py	109	d443aa2c70d13a9ee944f891e46b16089440d0a1dac8f7850c8b48f32400aea6
external\alphaearth_system\geoadapter\models\heads.py	1201	67a1a8121744c3628053bdc72ef0252b719cb9c7f0d122b03c01801ea8dbd4e9
external\alphaearth_system\geoadapter\models\prithvi.py	4371	9eeea1f6c4d89914ee3d5c4695c789d748f39256020959beb383eea44627e1a8
external\alphaearth_system\geoadapter\viz\__init__.py	147	896a90953c8ad0f71ae948ea4691710e0a2406b838cddfd6a7e43bcfa35cc068
external\alphaearth_system\geoadapter\viz\attention_viz.py	1506	788ea2185bca897b0b308b63d91a4e876fd28ffb4a817ffec0ed5ee272ce74a9
external\alphaearth_system\geoadapter\viz\embedding_viz.py	983	8f5d0ea69983a451dfb4eb0573ac75ebc1c2024e63c8afb2fbab22c1d5074559
external\alphaearth_system\GeoAdapter_Verification_Guide.md	7478	5aae3c0fa7c2846e3d39c77f239da772439ae36967e7bac8779b951555e8f76a
external\alphaearth_system\pyproject.toml	615	391033e547a9456d4045dd98eaa3d9912aa761aeba7b117011fd4ac8b962564d
external\alphaearth_system\README.md	2983	ce08b6bb9f7c23b732c350a633825165c3154d6d4e80ce3eda39d3d3a282f0a8
external\alphaearth_system\README_en.md	1620	e37be14e4940b7b23d3ec113c5119181ce7633a8da86d41a334a7c923099cad7
paper\geofm_world_model_rl.docx	57056	b3b1b2e0ed9e639b78d5d183140e7fbd860769197de56eec4cb97b332562bf49
paper\geofm_world_model_rl_cn.docx	51822	d10390fd8e972385f0c48bc31e3b82ff2d3324c57247a7940fdba49016a0f3fc
paper\paper5_8_paper9_integration.md	7640	438e3d66c650c9d9f8f6aa949db2a0205b98a908351e6f8cc687216a912a3933
paper\paper8_design.md	17185	d0cbea23eacc28bc8ed267a181a5e97db3dba29f0a0eed34f19fe33cbb62e6b8
paper\paper8_geofm_world_model_rl.pdf	410011	251e5afb3a61d540611974cab43a9bde7cf69ada67be3be902af5d75f5efea77
paper\paper8_geofm_world_model_rl.tex	68567	ec3aad607d035ce0c831f27584f21af0c5cca01412aa9b2c41d1a94e80596244
paper\rse_submission_paper58\figures\fig_wm_ablation.pdf	23596	43c08a052dc4b52e9b60b879827b26130835d08cd1eb5d5561551c4cb2c30e79
paper\rse_submission_paper58\figures\fig_wm_area_comparison.pdf	34130	582bab3a48879c7ca23cecc063205eabb26a3f5e79824d9d2e707573a5098aff
paper\rse_submission_paper58\figures\fig_wm_confusion_matrix.pdf	30685	88c5086d787dbaec22651e68ea52d7ffe1c0901c7fa31c1e25e8a18bde7b4fd5
paper\rse_submission_paper58\figures\fig_wm_rollout_decay.pdf	23559	29640a2e8cc9d17fc4dc3f183fd01d55e30366ab1b2c217489d11db8a5347e26
paper\rse_submission_paper58\figures\fig_wm_scenario_projection.pdf	21498	a7c9d0f75745a2c44fb00d5b1b6dc5766e07710b2c8c00de118b8dd20b32538a
paper\rse_submission_paper58\manuscript\paper8_geofm_world_model_rl_original_compile.log	38299	d7cae7c24292fac5b1315f7b07fcc13bd5ce161c91858edec47deda79ce04665
paper\rse_submission_paper58\manuscript\paper8_geofm_world_model_rl_original_compile.pdf	410011	251e5afb3a61d540611974cab43a9bde7cf69ada67be3be902af5d75f5efea77
paper\rse_submission_paper58\manuscript\rse_geofm_world_model_rl.aux	19971	cf065434d82e8d187a5f4b69e73acd1a38d73641ce5ecee30dada16cca9fce1a
paper\rse_submission_paper58\manuscript\rse_geofm_world_model_rl.log	36725	5bd723ffa1d129f6224dff438497a616ed911f34cd43db2380b4b4e61345e4c6
paper\rse_submission_paper58\manuscript\rse_geofm_world_model_rl.out	8262	18470e0276d74fb337d6c0bb5d05d74c33197d976447b29890d6dea11f6e6fb5
paper\rse_submission_paper58\manuscript\rse_geofm_world_model_rl.pdf	522672	adc08e2b6abb692548f3f3ce635ba265bdc3b2c7d253c7fe659000683152d288
paper\rse_submission_paper58\manuscript\rse_geofm_world_model_rl.tex	68589	03cc8ecbf62712460cd8618717878fc047568cfeee2348ebf701d70a3a30b177
paper\rse_submission_paper58\provenance\merge_design.md	9275	a6d068aa50164579734cfa445f7cc462088dc6b283395c8fbe3f32c1a1bb156a
paper\rse_submission_paper58\provenance\original_paper5_world_model_paper.tex	51505	d7d3a0fda1987b3f820e4d3a4ea69a000c8051a1f04b8d3d621bca79041cfaac
paper\rse_submission_paper58\provenance\original_paper8_geofm_world_model_rl.tex	68724	12db2356e6aa156ac540a7814b2099dcc9378bbe3ca531375dd086b93ac219f7
paper\rse_submission_paper58\provenance\paper5_8_paper9_integration.md	7640	438e3d66c650c9d9f8f6aa949db2a0205b98a908351e6f8cc687216a912a3933
paper\rse_submission_paper58\README_SUBMISSION.md	2150	4b64fe2cf689f12fd760849adcbf650044f75b5484c349da26ddb08eeb77fc52
paper\rse_submission_paper58\submission_docs\author_checklist.md	1416	ed9e24c3411a9f2ecbd458871d13c961b5015a1f9543a390c6bbe7901b6cdc25
paper\rse_submission_paper58\submission_docs\compile_verification.md	1069	c5fb249d1cd5763603399801aff54482f93c29ee923bdc40213d9cbd4f8360a7
paper\rse_submission_paper58\submission_docs\cover_letter_RSE.md	2370	3715c95e79e6cd22de92af9904caab6a380bbd30159df3fff5754bf1993baeb5
paper\rse_submission_paper58\submission_docs\data_code_availability.md	1098	c309758107f70506c042f753885629f625ccb485cce2c8e0854cee1a744bfceb
paper\rse_submission_paper58\submission_docs\declarations.md	859	09b14cce21cb1970e05df4bd76e438ff0dee35873d2839e1d5a81cc3947bc3f1
paper\wm_v2_dataset_provenance.md	10706	9582166a288d26b7363ce01d48d2c2f5fb1213657ebff76728be8e2e6c640c64
paper\world_model_v2_user_manual.md	9501	b8835ff6ed3f9858952a392e4e661b30e75b5f6d6e6628984aaecf2b2d4ec613
paper\worldmodel_v1_paper58.pdf	3056549	7645df2b874fec600d13a55e4268822cc3a0e0c5719bcece081f08f84c55499e
paper\worldmodel_v1_paper58.pptx	152449	039ad2e1d71897a847c27bfa2e550580716e65e0441d918cc65954bb2769ed44
README.md	4075	3ae8a74abcf93900e9844c857f162fe77c267a52500d6b5c318c468f4bacbc17
reproducibility\REPRODUCTION_GUIDE.md	3649	c6f4fdd33a1b9db4230f7e2033b9e25c1893655b58d77d49b3fa39150e9d3915
reproducibility\SCOPE.md	824	ebdc7cf0bdd44c47153048d1ab1f43c01addb4e5a0e6179c4d874686734f4567
requirements.txt	127	8049988820abc1da59784d665bfb4311459e087ee04864346c01535e731dc4af
src\adk_world_model\causal_world_model.py	44342	2f671fce2ee20bd7539609b377d112b446ed8bf79ef9b3fd3a32255770ab6395
src\adk_world_model\experiments\fig_world_model.py	12362	7d7234e2b8e5267babb50a073e82a2cb7cae63c8d0b47491e72d2c26e5e34c07
src\adk_world_model\experiments\output\chongqing_lulc_lst_results.json	676	3842802a7d387bb5133df721d98e9a05b71b602663cc4a3a73103043ff093ee0
src\adk_world_model\experiments\output\chongqing_uhi_results.json	1600	a53311cf7620c0c314f4f26480c18de61300e2775b226ca948f4d50b78d4978d
src\adk_world_model\experiments\output\fig_causal_cate_map.pdf	38600	9613073ffe52f66a8b812999f40c8d22f1d3fde45e0b3b88bc7f390ac96da6ef
src\adk_world_model\experiments\output\fig_causal_cate_map.png	173363	db03e725ed34d5cc377dd6e5fa14c5c37b9f9b73ad91c8d4402b1b08ad0531c6
src\adk_world_model\experiments\output\fig_causal_cross_validation_radar.pdf	24420	f053e538819593f056cacf32bf101e1e32bd029530ebcfa182a478f7c54288d4
src\adk_world_model\experiments\output\fig_causal_cross_validation_radar.png	185728	4a4d46c7bafe391bd087f4dab559162b28a6d79c160ae8cb7a7df42cede2d5ee
src\adk_world_model\experiments\output\fig_causal_did_trends.pdf	21679	f9e06185c96bdc08a8d13f90edce673531be50befd70c17c53962fd11e37d1f4
src\adk_world_model\experiments\output\fig_causal_did_trends.png	76588	967aa76bb8baefe19ae7cf7a35d1b6e7b91a160c949aa34e72d711c4c0fe5141
src\adk_world_model\experiments\output\fig_causal_erf_curve.pdf	25260	9e331047200103e047790a0f65834f5e766a3d9fe144d5b898fc4f2d8ef65b4f
src\adk_world_model\experiments\output\fig_causal_erf_curve.png	105435	ebf6a5943e803ac33fd95f69bef0137f03179b3bd26b486acbffd0327e407c5d
src\adk_world_model\experiments\output\fig_causal_framework_overview.pdf	31238	620e22796a7f1263abbd28fd2eb1b50c8ba9c6357f71f187473304269b68812e
src\adk_world_model\experiments\output\fig_causal_framework_overview.png	97222	d87a5ed535fdb2bd753de146d9a4c16e5d6c76714032d8ba7987645047b017e4
src\adk_world_model\experiments\output\fig_causal_psm_balance.pdf	19940	0545795f13d1024e5bbb5e4a9dd843fcff31f790f10ffb0626891de40f3c2a33
src\adk_world_model\experiments\output\fig_causal_psm_balance.png	56971	854f4cd9723e5104aa33f06f8959c77ec9aa43a83f609458ff00fdb0141067d5
src\adk_world_model\experiments\output\fig_causal_table2_synthetic.pdf	28979	8301b1f4950fadea4201ceafebd4d83131dea042aef3375964fda31af005d408
src\adk_world_model\experiments\output\fig_causal_table2_synthetic.png	53407	2a447517f3e783408fb2084457441d3cff72fb0cda8979f082f1f7b1b52eb30f
src\adk_world_model\experiments\output\fig_wm_ablation.pdf	23596	43c08a052dc4b52e9b60b879827b26130835d08cd1eb5d5561551c4cb2c30e79
src\adk_world_model\experiments\output\fig_wm_ablation.png	116976	78c9e7e87e7ec161a78b9178a0389e3ffa069bdc8c6de641ed47b4897b42ab2d
src\adk_world_model\experiments\output\fig_wm_area_comparison.pdf	34130	582bab3a48879c7ca23cecc063205eabb26a3f5e79824d9d2e707573a5098aff
src\adk_world_model\experiments\output\fig_wm_area_comparison.png	124507	294f0797178d1cb05103bfdbee1d77a85a526224f756b072fcbd1028967a3933
src\adk_world_model\experiments\output\fig_wm_confusion_matrix.pdf	30685	88c5086d787dbaec22651e68ea52d7ffe1c0901c7fa31c1e25e8a18bde7b4fd5
src\adk_world_model\experiments\output\fig_wm_confusion_matrix.png	94578	7d0c012f8e3c5dbc832ca55b55a8362dbd7eb540c1e4cb86b697bbd5f846edbd
src\adk_world_model\experiments\output\fig_wm_rollout_decay.pdf	23559	29640a2e8cc9d17fc4dc3f183fd01d55e30366ab1b2c217489d11db8a5347e26
src\adk_world_model\experiments\output\fig_wm_rollout_decay.png	126159	be1a22201dc98ec5f0ed082e0c83313b2289ff4e71fa9efa14c8fd9ee17bd249
src\adk_world_model\experiments\output\fig_wm_scenario_projection.pdf	21498	a7c9d0f75745a2c44fb00d5b1b6dc5766e07710b2c8c00de118b8dd20b32538a
src\adk_world_model\experiments\output\fig_wm_scenario_projection.png	71786	c5858b438eced79b51ee888ffa3a766e16cd52e1c033bfca7510b9f0aa22bae4
src\adk_world_model\experiments\output\synthetic_results.json	6367	11ce6fa976e34559c458fbc8bb1908cc616924f95d6f1292f19656f22975f8fd
src\adk_world_model\experiments\output\world_model_17areas.csv	1467	8849afe1151f31478eeda51837e3d8ffb1cf8800e7ad34eac1d89373e2ff1d4e
src\adk_world_model\experiments\output\world_model_17areas.json	4759	cb60132eaa9e43725ac2ea8576a969b473ab89165051bafa207aadcea9b7806f
src\adk_world_model\experiments\output\world_model_lulc_decode.json	2282	c8f421e1bd77370d53779281842911a92ad922d92d05ae46b22665627e6ad49b
src\adk_world_model\experiments\output\world_model_rollout.json	509	9aa81415f9e72af19b1e36272d5f1ef5577b3960eccdbf0bdcb708e1bbe84550
src\adk_world_model\experiments\run_world_model.py	14955	b3762c493aae37ae8c9ff01c53334e342b9e6d896e371ab3585859b9b5f8887e
src\adk_world_model\world_model.py	41877	359b4da4e6b2e796e5d90bb615c39cd2f9d389f5f628669087b4d0954d255d63
src\adk_world_model\world_model_v2.py	19399	b99fb4d9f26657b6a0f4616323e4b40ceb80fcd43c7eb92f942aabac36fa45d5
src\adk_world_model\world_model_v21.py	20843	0b831e6a23a52821e3294c9f44a77e3f46609bd3593364a184e2879c6c69e46f
src\adk_world_model\world_model_v21_presentation.py	4435	468d329ae27a7ce692b62317f949f514cce9772ba7383c7d7cc83709ccdba6d1
src\legacy_runtime\block_definition.py	16644	990bf2ae97a4f96663ea49ef1a4f16b922b9728f3b0ab7feb2a84c60e0cc13e6
src\legacy_runtime\block_definition_all.py	12683	11189ccf44adae6e92d16880eace5a28d4a8c5c3de24f95b9d6dafb9f25b59d6
src\legacy_runtime\county_env.py	37921	0bec9e702e2b8fc25386bef6be7bd06a240d68bfed10a8e1b9d22601885e3cf7
src\legacy_runtime\learned_env.py	14921	3c934a09cc75b71b76ec52e1e7380a9570515198e2551d1991ef99c17fdd44eb
src\legacy_runtime\parcel_scoring_policy.py	8706	4f91d6d60e50f02f0fcbb49ba429eeb7320204e186e1afa5251f37b5e4545e05
src\legacy_runtime\township_utils.py	5477	888778be6dcbc3cf5f2e172d95c452bbf33cca32175255bd1cbcb48ae4599be5
